,smiles,cmpd_id,fragmentA,fragmentB,sucos,int_count
0,Cc1cc2c(cc1NC(=O)NCCc1nnc3ccccn13)OCO2,ENAMINE:Z1637917899,x1140_0A,x1594_0A,0.7944393843132861,7
1,Cc1ccc(CCS(=O)(=O)NCc2nnc3ccccn23)cc1,ENAMINE:Z2000385219,x1140_0A,x1594_0A,0.7867791986359577,5
2,OC[C@H](c1ccc2c(c1)OCO2)N(CCc1nnc2ccccn12)C[C@@H](O)c1ccc2c(c1)OCO2,MOLPORT:009-117-950,x1140_0A,x1594_0A,0.7726939453515331,4
3,O=C(CSc1nnc2ccccn12)Nc1ccc2c(c1)OCO2,MOLPORT:000-224-370,x1140_0A,x1594_0A,0.763337209299409,5
4,CCc1nnc2ccc(S(=O)(=O)N(CC)c3ccc4c(c3)OCO4)cn12,MOLPORT:010-916-291,x1594_0A,x1140_0A,0.7415366649040672,5
5,O=C(NCc1nnc2ccccn12)c1ccc2c(c1)OCO2,MOLPORT:004-137-806,x1140_0A,x1594_0A,0.7168107113002569,7
6,O=S(=O)(CCC1CC1)NCc1nnc2ccccn12,ENAMINE:Z1530202140,x1140_0A,x1594_0A,0.7157112198481353,4
7,OC[C@@H](c1ccc2c(c1)OCO2)N(CCc1nnc2ccccn12)C[C@H](O)c1ccc2c(c1)OCO2,MOLPORT:009-117-950,x1594_0A,x1140_0A,0.7128159625418369,3
8,C[C@@H](c1ccc(F)cc1)S(=O)(=O)NCc1nnc2ccccn12,ENAMINE:PV-003073396135,x1140_0A,x1594_0A,0.7123523861122991,4
9,O=S(=O)(CCc1cccc(F)c1)NCc1nnc2ccccn12,ENAMINE:PV-002197219152,x1140_0A,x1594_0A,0.7116338227238174,3
10,Cc1nnc2c(NCc3ccc4c(c3)OCO4)nccn12,ENAMINE:Z1230717304,x0147_0A,x1140_0A,0.7031072748784511,5
11,O=C(CSc1nnc2ccccn12)Nc1ccc2c(c1)OCO2,MOLPORT:000-224-370,x1594_0A,x1140_0A,0.7009803047092562,5
12,O=C(NCc1ccc2c(c1)OCO2)c1ccc2nncn2c1,ENAMINE:Z978911310,x1594_0A,x1140_0A,0.6983708538074413,5
13,O=C(C=Cc1ccc2c(c1)OCO2)NCCc1nnc2ccccn12,MOLPORT:002-662-833,x1594_0A,x1140_0A,0.6976395502996192,2
14,CSCC[C@H](NC(=O)c1ccc2c(c1)OCO2)c1nnc2ccccn12,"MOLPORT:002-662-194,ENAMINE:Z154331110",x1140_0A,x1594_0A,0.6970150800227913,6
15,CC(C)[C@H](NC(=O)c1ccc2c(c1)OCO2)c1nnc2ccccn12,MOLPORT:005-976-152,x1594_0A,x1140_0A,0.6965578770467187,4
16,Cc1ccn2cnnc2c1NC(=O)c1ccc2c(c1)OCO2,ENAMINE:PV-001807981377,x1594_0A,x1140_0A,0.6925735997008136,3
17,O=C(Nc1ccc2c(c1)OCO2)c1ccc2nnc(S)n2c1,ENAMINE:Z2027381694,x1594_0A,x1140_0A,0.6924575619447421,3
18,O=C(CCc1ccc2c(c1)OCO2)N1CCC[C@@H]1c1nnc2ccccn12,MOLPORT:007-123-258,x1140_0A,x1594_0A,0.6916898226841777,4
19,C[C@@H](Sc1nnc2ccc(C(F)(F)F)cn12)C(=O)Nc1ccc2c(c1)OCO2,MOLPORT:009-461-148,x1594_0A,x1140_0A,0.6905953158677383,3
20,O=C(NCc1ccc2c(c1)OCO2)NCc1nnc2cc(C(F)(F)F)ccn12,MOLPORT:038-940-585,x1594_0A,x1140_0A,0.6885456067275016,2
21,O=C(NCCc1nnc2ccccn12)c1c(F)ccc2c1OCO2,ENAMINE:PV-001909292151,x1140_0A,x1594_0A,0.6863321653040974,3
22,O=C(NCc1ccc2c(c1)OCO2)[C@H]1CCCN(c2nnc3ccccn23)C1,MOLPORT:010-964-018,x1594_0A,x1140_0A,0.6863083182826452,4
23,CN(Cc1nnc2ccccn12)C(=O)c1cc(Cl)c2c(c1)OCO2,MOLPORT:020-071-899,x1140_0A,x1594_0A,0.6861521008399181,4
24,Cc1cc2c(cc1NC(=O)N[C@@H](C)c1nnc3ccccn13)OCO2,ENAMINE:Z1637916043,x1140_0A,x1594_0A,0.6853108772548294,4
25,COc1cc(CNCc2nnc3ccccn23)cc2c1OCO2,ENAMINE:Z86202436,x1140_0A,x1594_0A,0.6824564224675028,5
26,Cc1cc2c(cc1NC(=O)N(C)Cc1nnc3ccccn13)OCO2,ENAMINE:Z1637924862,x1140_0A,x1594_0A,0.6818514482339154,5
27,CSCC[C@H](NC(=O)Nc1cc2c(cc1C)OCO2)c1nnc2ccccn12,ENAMINE:Z1637928302,x1140_0A,x1594_0A,0.6810605417451623,3
28,CCC[C@H](NC(=O)c1ccc2c(c1)OCO2)c1nnc2ccccn12,MOLPORT:020-072-151,x1594_0A,x1140_0A,0.6784246179986314,3
29,O[C@@H](CNCCc1nnc2ccccn12)c1ccc2c(c1)OCO2,MOLPORT:020-061-754,x1594_0A,x1140_0A,0.6778206254793632,2
30,Cc1cc2c(cc1NC(=O)CSc1nnc3ccccn13)OCO2,ENAMINE:Z1644890288,x1140_0A,x1594_0A,0.6777847877239624,4
31,O=C(NCCc1nnc2ccccn12)NCc1ccc2c(c1)OCO2,MOLPORT:009-308-595,x1140_0A,x1594_0A,0.6764902849171878,5
32,CC(C)[C@H](O)c1nnc2ccc(C(=O)NCc3ccc4c(c3)OCO4)cn12,MOLPORT:047-923-556,x1594_0A,x1140_0A,0.6763157194946953,7
33,NC(=O)c1ccc(N2CCC[C@@H]2c2ccc3c(c2)OCO3)nc1,ENAMINE:Z1225461273,x1498_0A,x1140_0A,0.6731722618958454,6
34,CCc1nnc2ccc(-c3noc(-c4ccc5c(c4)OCO5)n3)cn12,MOLPORT:010-931-679,x1594_0A,x1140_0A,0.6730073032328062,4
35,Cc1nnc2c(N(C)CCc3ccc4c(c3)OCO4)nccn12,ENAMINE:Z2861823966,x0147_0A,x1140_0A,0.6720988553625667,2
36,CCc1nnc2ccc(S(=O)(=O)Nc3ccc4c(c3)OCO4)cn12,MOLPORT:010-916-290,x1594_0A,x1140_0A,0.6719140794365348,3
37,O=C(Nc1nnc2ccc(Br)cn12)c1ccc2c(c1)OCO2,ENAMINE:PV-001806984740,x1594_0A,x1140_0A,0.6716079966093766,3
38,CC(=O)c1cc2c(cc1NC(=O)CSc1nnc3ccccn13)OCO2,MOLPORT:002-074-798,x1140_0A,x1594_0A,0.6711771655730245,3
39,O=C(NCCc1nnc2ccccn12)NCc1ccc2c(c1)OCO2,MOLPORT:009-308-595,x1594_0A,x1140_0A,0.6702745278573227,5
40,O=C(C=Cc1ccc2c(c1)OCO2)NCc1nnc2c(O)nccn12,MOLPORT:039-074-853,x0147_0A,x1140_0A,0.6702722674259923,7
41,CN(Cc1ccc2c(c1)OCO2)c1nnc2ccc(Br)cn12,ENAMINE:PV-004087910015,x1594_0A,x1140_0A,0.6694955419325544,3
42,Cc1nnc2ccc(-c3noc(-c4ccc5c(c4)OCO5)n3)cn12,MOLPORT:010-931-630,x1594_0A,x1140_0A,0.6687186498966516,3
43,O=C(CSc1nnc2ccccn12)NCCN1C(=O)SC(=Cc2ccc3c(c2)OCO3)C1=O,MOLPORT:044-212-335,x1140_0A,x1594_0A,0.6687111365777938,2
44,O[C@@H](CNCc1nnc2ccccn12)c1ccc2c(c1)OCO2,MOLPORT:009-076-414,x1140_0A,x1594_0A,0.6685674778768235,4
45,O=C(NCc1ccc2c(c1)OCO2)NCc1nnc2ccc(C(F)(F)F)cn12,ENAMINE:Z402399032,x1594_0A,x1140_0A,0.6671807538218829,3
46,O=C(NCc1nnc2ccc(C(F)(F)F)cn12)c1ccc2c(c1)OCO2,ENAMINE:Z154334660,x1594_0A,x1140_0A,0.6658017850689525,7
47,Cc1nnc2c(N[C@H](C)C(=O)N3CCCCC3)nccn12,ENAMINE:Z3076065091,x0147_0A,x1071_0A,0.6638397393470513,3
48,Cc1nnc2ccc(S(=O)(=O)N(CC(=O)OC(C)(C)C)c3ccc4c(c3)OCO4)cn12,MOLPORT:009-717-267,x1594_0A,x2021_0A,0.6626979151888792,4
49,Cc1ccc2nnc(CNC(=O)c3ccc4c(c3)OCO4)n2c1,ENAMINE:PV-001855007639,x1594_0A,x1140_0A,0.6620600190029485,4
50,O=C(Nc1cccn2cnnc12)N(Cc1ccc2c(c1)OCO2)C1CCCC1,MOLPORT:042-571-647,x1594_0A,x1140_0A,0.6608158093851468,4
51,C[C@@H](NC(=O)c1ccc2c(c1)OCO2)c1nnc2ccccn12,"MOLPORT:002-662-166,MOLPORT:005-694-712",x1140_0A,x1594_0A,0.657585377162443,5
52,CCS(=O)(=O)NCc1nc(-c2ccccn2)no1,ENAMINE:Z1230768262,x1498_0A,x1140_0A,0.6484426798155303,4
53,CC(=O)c1ccc(N2CCC[C@H]2c2ccc3c(c2)OCO3)nc1,ENAMINE:Z1576783909,x1498_0A,x1919_0A,0.6478306431281369,7
54,CCS(=O)(=O)NC[C@@]12COC[C@@H]1CN(Cc1ccncc1)C2,MOLPORT:047-262-369,x1498_0A,x1140_0A,0.6477136617813248,5
55,CCc1nnc2ccc(S(=O)(=O)N(CC)c3ccc4c(c3)OCO4)cn12,MOLPORT:010-916-291,x1594_0A,x2021_0A,0.6449840178674792,8
56,O=C(NCCCc1nnc2ccccn12)c1ccc2c(c1)OCO2,MOLPORT:008-314-423,x1140_0A,x1594_0A,0.6435530699242028,6
57,c1cn2cnnc2cc1-c1noc(-c2ccc3c(c2)OCO3)n1,MOLPORT:010-931-539,x1594_0A,x2021_0A,0.6426469503712906,4
58,Cc1nnc2ccc(S(=O)(=O)N(CC#N)c3ccc4c(c3)OCO4)cn12,MOLPORT:010-916-286,x1594_0A,x1140_0A,0.6415042068591124,3
59,CC(C)(C)c1nnc2ccc(C(=O)NCc3ccc4c(c3)OCO4)cn12,ENAMINE:Z1709677554,x1594_0A,x1140_0A,0.6408503042632613,4
60,Cc1nnc2ccc(S(=O)(=O)N(CC(=O)OC(C)(C)C)c3ccc4c(c3)OCO4)cn12,MOLPORT:009-717-267,x1594_0A,x1919_0A,0.6402804984142295,7
61,O=S(=O)(CCn1cccn1)NCc1nnc2ccccn12,ENAMINE:Z2772346938,x1140_0A,x1594_0A,0.637798924718384,7
62,CCc1nnc2ccc(S(=O)(=O)N(CC)c3ccc4c(c3)OCO4)cn12,MOLPORT:010-916-291,x1594_0A,x1919_0A,0.6374721564869936,4
63,O=C(N[C@@H]1CCN(c2nccn3cnnc23)C1)c1ccno1,MOLPORT:042-611-477,x0147_0A,x1052_1A,0.6372447392437586,3
64,OC[C@@H](c1ccc2c(c1)OCO2)N(CCc1nnc2ccccn12)C[C@@H](O)c1ccc2c(c1)OCO2,MOLPORT:009-117-950,x1594_0A,x2021_0A,0.6368592957191854,5
65,O=C(NCCc1nnc2ccccn12)c1ccc2c(c1)OCO2,"ENAMINE:Z137019992,MOLPORT:002-662-919",x1594_0A,x2021_0A,0.6362774964652244,4
66,O=C(CSc1nnc2ccccn12)Nc1ccc2c(c1)OCO2,MOLPORT:000-224-370,x1594_0A,x2021_0A,0.6357940175660578,4
67,c1cn2cnnc2cc1-c1noc(-c2ccc3c(c2)OCO3)n1,MOLPORT:010-931-539,x1594_0A,x1919_0A,0.6344132985795274,3
68,C[C@H](NC(=O)NCc1nnc2ccccn12)c1ccc2c(c1)OCO2,MOLPORT:009-159-092,x1140_0A,x1594_0A,0.6330266077988166,4
69,Cc1nnc2c(NCc3ccc4c(c3)OCO4)nccn12,ENAMINE:Z1230717304,x0147_0A,x2021_0A,0.6321217828754581,7
70,CCS(=O)(=O)NCc1cccnc1-n1ccnc1,ENAMINE:Z1103264683,x1498_0A,x1140_0A,0.6317737409734171,5
71,CCc1nocc1C(=O)NCCc1nnc2ccccn12,ENAMINE:Z2619260146,x1052_1A,x1594_0A,0.63144184762634,3
72,Cc1nnc2c(NCc3ccc4c(c3)OCO4)nccn12,ENAMINE:Z1230717304,x0147_0A,x1919_0A,0.6313241191629781,5
73,OC[C@@H](c1ccc2c(c1)OCO2)N(CCc1nnc2ccccn12)C[C@H](O)c1ccc2c(c1)OCO2,MOLPORT:009-117-950,x1594_0A,x1919_0A,0.6312944036349302,4
74,O=C(CSc1nnc2ccccn12)c1ccc2c(c1)OCO2,MOLPORT:000-633-232,x1140_0A,x1594_0A,0.6284434732087766,4
75,O=C(NCCc1nnc2ccccn12)c1ccc2c(c1)OCO2,"ENAMINE:Z137019992,MOLPORT:002-662-919",x1594_0A,x1919_0A,0.6284276348640369,2
76,CC(C)C[C@H](NC(=O)c1ccc2c(c1)OCO2)c1nnc2ccccn12,MOLPORT:006-319-033,x1140_0A,x1594_0A,0.6283764785542405,4
77,C[C@H](CNC(=O)NCc1ncccc1O)N1CCCCC1,ENAMINE:Z1941301205,x1498_0A,x1083_0A,0.6266981860411498,3
78,Cc1cc2c(cc1NC(=O)NCc1ccon1)OCO2,ENAMINE:Z1637914452,x1140_0A,x1052_1A,0.6259710016690627,5
79,Cc1nnc2c(N(C)CCc3ccc4c(c3)OCO4)nccn12,ENAMINE:Z2861823966,x0147_0A,x2021_0A,0.625849659445346,7
80,O=C(Nc1ccc(-c2ccon2)cc1)c1cn2cnnc2cn1,ENAMINE:PV-003040579102,x0147_0A,x1052_1A,0.6255847717639116,4
81,Cc1cc(C(=O)N[C@H](C)[C@H](C)NCc2ccccn2)no1,ENAMINE:PV-000980621569,x1052_1A,x1498_0A,0.6245403578739497,4
82,O=C(CSc1nnc2ccccn12)Nc1ccc2c(c1)OCO2,MOLPORT:000-224-370,x1594_0A,x1919_0A,0.624381146954429,3
83,Cc1cc2c(cc1NC(=O)Cc1ccon1)OCO2,ENAMINE:Z1635597094,x1140_0A,x1052_1A,0.6241861914580061,5
84,O=C(NCCc1nnc2ccccn12)C1(c2ccno2)CCC1,ENAMINE:Z4404211737,x1594_0A,x1052_1A,0.6233758478071635,4
85,O=C(NCc1ccc2c(c1)OCO2)c1ccc2nncn2c1,ENAMINE:Z978911310,x1594_0A,x2021_0A,0.6228226566480438,7
86,O=C(Nc1ccno1)c1ccc2nnc(C3CC3)n2c1,ENAMINE:PV-002903318698,x1594_0A,x1052_1A,0.6226616577319122,2
87,O=C(CCCN1CCCCC1)N1CCC(N2CCC2)CC1,ENAMINE:Z2915181599,x1071_0A,x1083_0A,0.6223226013735501,4
88,O=C(NCc1ccc2c(c1)OCO2)Nc1ccc(N2CCCC2)nc1,MOLPORT:009-308-590,x1498_0A,x2021_0A,0.621703118053445,9
89,O=C(NCc1ccc2c(c1)OCO2)c1ccc2nncn2c1,ENAMINE:Z978911310,x1594_0A,x1919_0A,0.6212583490176838,6
90,CN(Cc1nnc2ccccn12)C(=O)CCc1ccc2c(c1)OCO2,MOLPORT:020-071-897,x1140_0A,x1594_0A,0.6211710754371758,3
91,O=C(C=Cc1ccc2c(c1)OCO2)NCCc1nnc2ccccn12,MOLPORT:002-662-833,x1594_0A,x1919_0A,0.620465578655973,5
92,O=C(NC1CCN(c2nnc3ccccn23)CC1)c1ccc2c(c1)OCO2,MOLPORT:010-964-592,x1140_0A,x1594_0A,0.6202218527098428,5
93,Cc1cc(C(=O)NC[C@@H](C)N[C@@H](C)C(=O)N2CCCCC2)no1,ENAMINE:PV-000782638925,x1052_1A,x1083_0A,0.6199669274527612,4
94,O=C(Cc1ccc2c(c1)OCO2)N[C@@H]1CCN(c2nccn3cnnc23)C1,MOLPORT:042-617-405,x0147_0A,x1140_0A,0.6193758359526936,4
95,CCS(=O)(=O)NCc1nnc(-c2ccccn2)o1,ENAMINE:PV-002990258219,x1498_0A,x1140_0A,0.619192761351384,7
96,Cc1nnc2c(N(C)CCc3ccc4c(c3)OCO4)nccn12,ENAMINE:Z2861823966,x0147_0A,x1919_0A,0.6174614502534083,8
97,CC(C)[C@H](NC(=O)c1ccc2c(c1)OCO2)c1nnc2ccccn12,MOLPORT:005-976-152,x1594_0A,x1919_0A,0.6174237906297739,3
98,O=C(C=Cc1ccc2c(c1)OCO2)NCCc1nnc2ccccn12,MOLPORT:002-662-833,x1594_0A,x2021_0A,0.6169008490984226,4
99,CC(C)[C@H](NC(=O)c1ccc2c(c1)OCO2)c1nnc2ccccn12,MOLPORT:005-976-152,x1594_0A,x2021_0A,0.6168620651694275,5
100,Cc1ccn2cnnc2c1NC(=O)c1ccc2c(c1)OCO2,ENAMINE:PV-001807981377,x1594_0A,x1919_0A,0.6154029731825259,4
101,O=C(Nc1cccnc1)c1cc(-c2ccc3c(c2)OCO3)nc2ccccc12,MOLPORT:019-032-090,x1140_0A,x2099_0A,0.6141744490081107,3
102,O=C(CCCN1CCCCC1)Nc1cc(-n2cccn2)ccn1,ENAMINE:Z3715090350,x1498_0A,x1083_0A,0.6135445196972646,1
103,O=C(NCC1(c2ccc3c(c2)OCO3)CCCCC1)Nc1ccon1,ENAMINE:Z1671838092,x1140_0A,x1052_1A,0.6135306938882352,6
104,Cc1ccn2c(NC(=O)c3ccc4c(c3)OCO4)nnc2c1,ENAMINE:Z1392037149,x1594_0A,x1919_0A,0.6135080450379464,3
105,C[C@@H](CCCCN)NC(=O)c1cc(CN2CCCCC2)on1,ENAMINE:Z4053996178,x1052_1A,x1083_0A,0.6134244959269253,4
106,O=C(Nc1ccc2c(c1)OCO2)c1ccc2nnc(S)n2c1,ENAMINE:Z2027381694,x1594_0A,x1919_0A,0.6127684695597428,3
107,O=S(=O)(Nc1nnc2ccccn12)c1ccccc1-c1ccno1,ENAMINE:Z1620754814,x1594_0A,x1052_1A,0.6122904221466456,3
108,O=C(Nc1ccc2c(c1)OCO2)c1ccc2nncn2c1,ENAMINE:Z978911046,x1594_0A,x1919_0A,0.6122135081556779,3
109,O=C(NCc1ccc2c(c1)OCO2)c1ccc2nnc(C(F)F)n2c1,ENAMINE:Z1416038166,x1594_0A,x1140_0A,0.6121519556413014,3
110,C[C@@H](Sc1nnc2ccc(C(F)(F)F)cn12)C(=O)Nc1ccc2c(c1)OCO2,MOLPORT:009-461-148,x1594_0A,x1919_0A,0.6119192567474813,4
111,O=C(NCCOc1ccc2c(c1)OCO2)c1ccnc(C(=O)O)c1,ENAMINE:Z1444039181,x1498_0A,x1140_0A,0.6106454228411259,4
112,COC[C@H](NC(=O)c1cc(CN2CCCCC2)on1)C(=O)OC,ENAMINE:Z2224134500,x1052_1A,x1083_0A,0.6100484871382894,6
113,O=C(Cc1ccon1)NC[C@H](NC(=O)c1ccncc1)C1CCCC1,ENAMINE:PV-001687710254,x1498_0A,x1052_1A,0.6095206642353018,5
114,CC(C)[C@@H](C(=O)Nc1ccc2c(c1)OCO2)N(Cc1cccnc1)C(=O)Cc1ccccc1,MOLPORT:003-853-555,x1140_0A,x2099_0A,0.6084500174337283,3
115,Cc1ccn2cnnc2c1NC(=O)c1ccc2c(c1)OCO2,ENAMINE:PV-001807981377,x1594_0A,x2021_0A,0.6081453972011218,5
116,O=C(Cc1ccc2c(c1)OCO2)NCc1nnc2c(O)nccn12,MOLPORT:039-074-886,x0147_0A,x2021_0A,0.6077850644020019,4
117,O=C(NCCOc1ccc2c(c1)OCO2)c1ccnc(CO)c1,ENAMINE:Z3295560193,x1498_0A,x1140_0A,0.6071216094314404,3
118,O=C(NC1CCN(c2nnc3ccccn23)CC1)c1ccc2c(c1)OCO2,MOLPORT:010-964-592,x1594_0A,x1919_0A,0.6069821730700355,3
119,Cc1nnc2ccc(S(=O)(=O)Nc3ccc4c(c3)OCO4)cn12,MOLPORT:010-916-284,x1594_0A,x1140_0A,0.606435046204091,3
120,Cc1ccn2c(NC(=O)c3ccc4c(c3)OCO4)nnc2c1,ENAMINE:Z1392037149,x1594_0A,x2021_0A,0.6059699855879578,5
121,CNC(=O)[C@H](C)N[C@@H]1CCCN(C(=O)CCN2CCCCC2)C1,ENAMINE:PV-000962771374,x1071_0A,x1083_0A,0.6038290100931946,6
122,O=C(Nc1ccc2c(c1)OCO2)c1ccc2nnc(S)n2c1,ENAMINE:Z2027381694,x1594_0A,x2021_0A,0.6036955716668069,7
123,O=C(Nc1ccc2c(c1)OCO2)c1ccc2nncn2c1,ENAMINE:Z978911046,x1594_0A,x2021_0A,0.6034922808110759,4
124,C[C@@H](Sc1nnc2ccc(C(F)(F)F)cn12)C(=O)Nc1ccc2c(c1)OCO2,MOLPORT:009-461-148,x1594_0A,x2021_0A,0.6028905754265812,5
125,O=C(CSc1nnc2ccccn12)NCCN1C(=O)SC(=Cc2ccc3c(c2)OCO3)C1=O,MOLPORT:044-212-335,x1594_0A,x1919_0A,0.6019225643003735,8
126,CC[C@@H](C)C(=O)NC1CCN(C(=O)CCN2CCCCC2)CC1,ENAMINE:PV-001333636412,x1083_0A,x1071_0A,0.6018949018638455,6
127,O=C(CCc1ccc2c(c1)OCO2)N1CCC[C@@H]1c1nnc2ccccn12,MOLPORT:007-123-258,x1594_0A,x1919_0A,0.6005182380365419,4
128,Cc1ccc(NC(=O)Nc2ccc3c(c2)OCO3)nc1,MOLPORT:002-106-017,x1498_0A,x1140_0A,0.6003991864135891,6
129,O=C(CSc1nnc2ccccn12)NCCN1C(=O)SC(=Cc2ccc3c(c2)OCO3)C1=O,MOLPORT:044-212-335,x1594_0A,x2021_0A,0.5999551737163922,4
130,O=C(C=Cc1ccc2c(c1)OCO2)NCc1cccnc1-c1ccsc1,MOLPORT:035-824-454,x1498_0A,x1140_0A,0.5995375683075869,3
131,O=C(CCc1ccc2c(c1)OCO2)N1CCC[C@@H]1c1nnc2ccccn12,MOLPORT:007-123-258,x1594_0A,x2021_0A,0.599271159380282,4
132,O=C(NCc1ccc2c(c1)OCO2)C1(c2cccnc2)CCC1,ENAMINE:Z3832085562,x1140_0A,x2099_0A,0.5992057814117384,3
133,CC(C)(C)O[C@H]1CCCN(C(=O)CN2CCCCC2)C1,ENAMINE:Z4285537924,x1071_0A,x1083_0A,0.5991017846234007,5
134,O=C(NCc1ccc2c(c1)OCO2)c1cc(-c2cccnc2)nc2ccccc12,MOLPORT:004-160-414,x1140_0A,x2099_0A,0.5988599290214862,2
135,O=C(NCc1ccc2c(c1)OCO2)c1cc(-c2cccnc2)on1,"MOLPORT:008-957-104,ENAMINE:Z414942768",x1140_0A,x2099_0A,0.5987243058850242,2
136,O=C(C=Cc1ccc2c(c1)OCO2)NCc1nnc2c(O)nccn12,MOLPORT:039-074-853,x0147_0A,x2021_0A,0.5985791012935545,5
137,O=C(NCc1ccc2c(c1)OCO2)NCc1nnc2cc(C(F)(F)F)ccn12,MOLPORT:038-940-585,x1594_0A,x2021_0A,0.5985593199909632,4
138,O=C(NCCCN1CCCCC1)c1cccnc1S,ENAMINE:Z271963908,x1498_0A,x1083_0A,0.5982522530197625,4
139,O=C(c1cccnc1)N(Cc1ccc2c(c1)OCO2)C1CCCCC1,ENAMINE:Z1098431228,x1140_0A,x2099_0A,0.597554662693986,4
140,O=C(O)c1ccc(N2CCC[C@H]2c2ccc3c(c2)OCO3)nc1,ENAMINE:Z2444597856,x1498_0A,x2021_0A,0.5968505308768745,5
141,O=C(NCc1ccc2c(c1)OCO2)NCc1nnc2cc(C(F)(F)F)ccn12,MOLPORT:038-940-585,x1594_0A,x1919_0A,0.5965875573300066,5
142,COCCN(C)S(=O)(=O)NCc1cccnc1N1CCOCC1,ENAMINE:Z1172228102,x1498_0A,x2021_0A,0.5960998190758898,5
143,CCNC[C@H]1C[C@H](NC(=O)CCC2CCCC2)C1,"ENAMINE:PV-000979135312,ENAMINE:PV-001001724605",x1020_0A,x0130_0A,0.5959899244273775,5
144,O=C(CN(CCc1ccccc1)CC(=O)N1CCCCC1)N1CCCCC1,ENAMINE:Z374852542,x1071_0A,x1083_0A,0.595503750587892,2
145,c1ccn2c(SCCCOc3ccc4c(c3)OCO4)nnc2c1,ENAMINE:Z875196656,x1140_0A,x1594_0A,0.5954106401282647,4
146,O=C(NCc1ccc2c(c1)OCO2)[C@@H]1CCCN(c2nnc3ccccn23)C1,MOLPORT:010-964-018,x1594_0A,x2021_0A,0.5951687676252568,4
147,O=C(NCCc1nnc2ccccn12)Nc1ccc2c(c1)OCO2,MOLPORT:009-427-638,x1140_0A,x1594_0A,0.595070575462191,6
148,Cc1cc2c(cc1NC(=O)C(=O)NCc1cccnc1)OCO2,ENAMINE:Z1637491741,x1140_0A,x2099_0A,0.5946756662250817,3
149,CC(C)c1nnc2ccc(NC(=O)C(C)(C)c3ccno3)cn12,ENAMINE:Z4297774884,x1594_0A,x1052_1A,0.5945098997817566,3
150,S=P(C1=COCC1)(N1CCCCC1)N1CCCCC1,MOLPORT:000-733-597,x1071_0A,x1083_0A,0.5944737269366233,6
151,O=S(=O)(Nc1nnc2ccc(Cl)cn12)c1ccc2c(c1)OCO2,ENAMINE:PV-002952610299,x1594_0A,x1919_0A,0.5944056383125432,5
152,O=P(CN1CCCCC1)(N1CCCCC1)N1CCCCC1,MOLPORT:009-218-985,x1083_0A,x1071_0A,0.5941949572379933,4
153,O=C(CCC(=O)Nc1nnc2ccccn12)NCc1ccc2c(c1)OCO2,MOLPORT:010-965-375,x1140_0A,x1594_0A,0.5941841939834562,3
154,CCC[C@@H](NC(=O)c1ccc2c(c1)OCO2)c1nnc2ccccn12,MOLPORT:020-072-151,x1594_0A,x1919_0A,0.5940896779737597,4
155,Cc1ccn2c(NC(=O)c3ccc4c(c3)OCO4)nnc2c1,ENAMINE:Z1392037149,x1594_0A,x1140_0A,0.5939055188197098,2
156,O=C(CSc1nnc2ccccn12)NCc1ccc2c(c1)OCO2,MOLPORT:000-693-223,x1140_0A,x1594_0A,0.5936858674269382,2
157,c1ccc(-c2nccc(NCc3ccc4c(c3)OCO4)n2)nc1,ENAMINE:PV-003277140721,x1498_0A,x1140_0A,0.5935312537983048,5
158,Cc1cc2c(cc1NC(=O)N(C)Cc1ccon1)OCO2,ENAMINE:Z1637957655,x1140_0A,x1052_1A,0.5924189792533919,5
159,O=C(Cc1ccc2c(c1)OCO2)N[C@H]1CCN(c2nccn3cnnc23)C1,MOLPORT:042-617-405,x0147_0A,x2021_0A,0.5921540365668339,4
160,O[C@H](CNCCc1nnc2ccccn12)c1ccc2c(c1)OCO2,MOLPORT:020-061-754,x1594_0A,x1919_0A,0.5918546719057022,4
161,CCNC[C@H]1CC[C@H](NC(=O)CCc2ccccc2)CC1,ENAMINE:PV-000946126424,x1020_0A,x0130_0A,0.5912030205373178,3
162,c1cncc(-c2cn3nc(NCc4ccc5c(c4)OCO5)sc3n2)c1,ENAMINE:Z1642642147,x1498_0A,x1140_0A,0.5911829146831802,3
163,O=C(Nc1cccnc1)N(Cc1ccc2c(c1)OCO2)C1CCCC1,"ENAMINE:Z196091386,MOLPORT:030-046-139",x1140_0A,x2099_0A,0.5911212003678754,2
164,CC(C)(c1ccno1)c1nc(-c2ccn3cnnc3c2)no1,ENAMINE:PV-002780944449,x1594_0A,x1052_1A,0.5910699984337208,3
165,O=S(=O)(Nc1nnc2ccc(Cl)cn12)c1ccc2c(c1)OCO2,ENAMINE:PV-002952610299,x1594_0A,x2021_0A,0.5909164506806821,5
166,O=C(Nc1ccc2c(c1)OCO2)c1ccc2nncn2c1,ENAMINE:Z978911046,x1594_0A,x1140_0A,0.5907509153166036,4
167,c1cncc(-c2nc3c(c(NCc4ccc5c(c4)OCO5)n2)CCNC3)c1,MOLPORT:047-487-296,x1498_0A,x1140_0A,0.5905322371532685,5
168,CC(C)c1nnc2ccc(NC(=O)c3ccc4c(c3)OCO4)cn12,ENAMINE:Z1781197064,x1594_0A,x1919_0A,0.5904838992524581,4
169,Cc1cc(C(=O)N[C@@H](C)CNC(=O)CCN2CCCCC2)no1,"ENAMINE:PV-001409780211,ENAMINE:PV-001621417633,ENAMINE:PV-001630117236",x1052_1A,x1083_0A,0.5904574218173052,4
170,C[C@@H](CNC(=O)CN1CCCCC1)NC(=O)c1nocc1Cl,"ENAMINE:PV-003600106223,ENAMINE:PV-003600106225",x1052_1A,x1083_0A,0.5901523562563687,5
171,O=C(COc1ccon1)NCc1ccncc1C(F)(F)F,ENAMINE:Z3353633340,x1498_0A,x1052_1A,0.5899700817364958,5
172,CC(C)[C@H](O)c1nnc2ccc(C(=O)NCc3ccc4c(c3)OCO4)cn12,MOLPORT:047-923-556,x1594_0A,x1919_0A,0.5898518431995489,3
173,CCc1nnc2ccc(-c3noc(-c4ccc5c(c4)OCO5)n3)cn12,MOLPORT:010-931-679,x1594_0A,x1919_0A,0.58981135183569,5
174,Cc1cc(CCC(=O)OCCN2CCCCC2)no1,ENAMINE:Z2923798127,x1052_1A,x1083_0A,0.5897925184671057,5
175,O=C(CCCc1nnc2ccccn12)Nc1ccc2c(c1)OCO2,MOLPORT:023-293-957,x1594_0A,x1140_0A,0.5893085242894377,3
176,CCNCC1CCN([C@H](C)C(=O)NC2CCCCC2)CC1,ENAMINE:Z2447161092,x1020_0A,x0130_0A,0.5881693442711619,4
177,Brc1ccc2nnc(SCc3ccno3)n2c1,ENAMINE:Z2217578242,x1594_0A,x1052_1A,0.5877874920180367,2
178,CCNC(=O)c1ccc(N2CC[C@H](N3CCCCC3)C2)nc1,ENAMINE:Z1188146771,x1498_0A,x1083_0A,0.5876075779978553,3
179,Cc1cc(CN(C)C(=O)CSCc2ccccn2)no1,ENAMINE:Z756857876,x1052_1A,x1498_0A,0.5870626256013973,2
180,O=C(CCc1cnoc1)N1CCC[C@@H](N2CCCCC2)C1,ENAMINE:Z3048694258,x1083_0A,x1071_0A,0.5868286397706435,3
181,CCC[C@@H](NC(=O)c1ccc2c(c1)OCO2)c1nnc2ccccn12,MOLPORT:020-072-151,x1594_0A,x2021_0A,0.586779808561487,4
182,O[C@@H](CNCCc1nnc2ccccn12)c1ccc2c(c1)OCO2,MOLPORT:020-061-754,x1594_0A,x2021_0A,0.586710799667916,5
183,CCN(C(=O)c1cc2c(cc1Cl)OCO2)c1cccnc1,ENAMINE:PV-002276878138,x1140_0A,x2099_0A,0.5858627699284349,2
184,CCC(=O)NC[C@@H]1CCCN(C(=O)CCN2CCCCC2)C1,ENAMINE:PV-001394298395,x1083_0A,x1071_0A,0.5857658388300994,2
185,CCNC[C@H]1CCCC[C@@H]1NC(=O)CCC1CCCC1,ENAMINE:PV-000897114326,x1020_0A,x0130_0A,0.5855039888677229,3
186,O=C(NCc1ccc2c(c1)OCO2)N1CCC(c2nnc3ccccn23)CC1,ENAMINE:Z402424962,x1594_0A,x2021_0A,0.5854511468232121,3
187,Cc1oncc1C(=O)N(C)C[C@H](C)NC(=O)CSc1ccccn1,ENAMINE:PV-002755625997,x1052_1A,x1498_0A,0.5853083076159523,5
188,CC(C)c1nnc2ccc(NC(=O)c3ccc4c(c3)OCO4)cn12,ENAMINE:Z1781197064,x1594_0A,x2021_0A,0.5852969656502048,5
189,O=C(C=Cc1ccc2c(c1)OCO2)N[C@H]1CCN(c2nccn3cnnc23)C1,MOLPORT:042-617-389,x0147_0A,x1140_0A,0.5852434268203132,6
190,c1cncc(-c2nn3c(-c4ccc5c(c4)OCO5)nnc3s2)c1,MOLPORT:005-920-014,x1140_0A,x2099_0A,0.5849512303323156,4
191,Cc1cccnc1CSCC(=O)N[C@H](C)C(=O)N1CCCCC1,ENAMINE:Z1607642245,x1498_0A,x1083_0A,0.5847087599233051,2
192,c1ccc(-c2nc3c(c(NCc4ccc5c(c4)OCO5)n2)CCC3)nc1,ENAMINE:Z1172208416,x1498_0A,x2021_0A,0.5846558887603228,2
193,O=C(CSCc1cccnc1)Nc1cc2c(cc1Cl)OCO2,ENAMINE:Z392442598,x1140_0A,x2099_0A,0.584509026910338,1
194,C[C@@H](O)CN[C@H]1CCCN(C(=O)CCCN2CCCCC2)C1,ENAMINE:PV-000962734392,x1071_0A,x1083_0A,0.5844150739043598,9
195,CC(C)[C@@H](O)c1nnc2ccc(C(=O)NCc3ccc4c(c3)OCO4)cn12,MOLPORT:047-923-556,x1594_0A,x2021_0A,0.5843439452858242,4
196,CCOC(=O)C[C@@H](c1cc(C)on1)N1CCCCC1,CHEMSPACE-BB:CSMB00133658290,x1052_1A,x1083_0A,0.5842121955331977,4
197,CCc1nnc2ccc(S(=O)(=O)N(CC(=O)OC)c3ccc4c(c3)OCO4)cn12,MOLPORT:010-916-292,x1594_0A,x1919_0A,0.5837045468596277,3
198,CN(C)[C@@H](C(=O)NCCCc1nnc2ccccn12)c1ccc2c(c1)OCO2,MOLPORT:039-035-877,x1140_0A,x1594_0A,0.5836000372543275,3
199,Sc1nnc(-c2cccnc2)n1-c1ccc2c(c1)OCO2,MOLPORT:002-665-791,x1140_0A,x2099_0A,0.5835399342194052,4
200,OCCCN(CC=Cc1ccc2c(c1)OCO2)Cc1cccnc1,ENAMINE:PV-002452439735,x1140_0A,x2099_0A,0.583224135694401,3
201,CC[C@@H](Sc1nnc2ccccn12)C(=O)Nc1cc(C)on1,MOLPORT:005-587-013,x1052_1A,x1594_0A,0.5832111396184445,6
202,c1cncc(-c2cn3c(COc4ccc5c(c4)OCO5)nnc3s2)c1,MOLPORT:006-847-598,x1140_0A,x2099_0A,0.5829114083275074,3
203,O=C(Cc1cc(-c2ccc3c(c2)OCO3)on1)Nc1ccccn1,MOLPORT:009-720-955,x1140_0A,x1498_0A,0.5824874985158925,3
204,Cc1cc(NC(=O)N[C@H](C)CN2CCCCC2)no1,ENAMINE:Z369939552,x1052_1A,x1083_0A,0.5819072724362364,4
205,CCc1nnc2ccc(S(=O)(=O)Nc3ccc4c(c3)OCO4)cn12,MOLPORT:010-916-290,x1594_0A,x1919_0A,0.5816507058854468,4
206,c1cncc(Cc2nc(-c3ccc4c(c3)OCO4)no2)c1,ENAMINE:Z1227705776,x1140_0A,x2099_0A,0.5815386556255936,3
207,O=C(C=Cc1ccc2c(c1)OCO2)N1CCC[C@@H](c2nnc3ccccn23)C1,"MOLPORT:005-927-897,MOLPORT:044-418-483",x1594_0A,x1919_0A,0.5814912825674452,3
208,C[C@@H](F)CCNC1CCN(C(=O)CCN2CCCCC2)CC1,ENAMINE:PV-000745136799,x1083_0A,x1071_0A,0.5813878808387575,5
209,CCN(C(=O)Nc1cc2c(cc1C)OCO2)[C@H](C)c1cccnc1,ENAMINE:Z1637951656,x1140_0A,x2099_0A,0.5812367987450402,4
210,CN(Cc1ccc2c(c1)OCO2)Cc1nnc2ccccn12,ENAMINE:Z4262373634,x1140_0A,x1594_0A,0.5811889295659075,3
211,O=C(Nc1nc(-c2ccno2)cs1)c1ccn2cnnc2c1,ENAMINE:PV-002925262484,x1594_0A,x1052_1A,0.5810752929974323,2
212,O=C(Cc1ccc2c(c1)OCO2)NCc1nnc2c(O)nccn12,MOLPORT:039-074-886,x0147_0A,x1919_0A,0.5808388756763703,4
213,O=C(C=Cc1cncc(O)c1)NCCC(=O)N1CCCCC1,ENAMINE:Z1626650483,x1498_0A,x1071_0A,0.5806458424094255,3
214,Cc1cc(CS(=O)(=O)N(C)CCN2CCCCC2)no1,ENAMINE:Z1882135987,x1052_1A,x1083_0A,0.58061657690987,5
215,Cc1cc(NC(=O)NCc2nnc3ccccn23)no1,MOLPORT:023-134-629,x1052_1A,x1594_0A,0.580594007610604,4
216,CCCC(=O)N1CCC[C@H](CNC(=O)COc2cccnc2)C1,ENAMINE:PV-001395425929,x1071_0A,x2099_0A,0.580475357430257,3
217,O=C(Nc1nnc2ccc(Br)cn12)c1ccc2c(c1)OCO2,ENAMINE:PV-001806984740,x1594_0A,x1919_0A,0.580425039080787,3
218,NCCCCCCNC(=O)c1cc(CN2CCCCC2)on1,ENAMINE:Z4054440833,x1052_1A,x1083_0A,0.5803903897958445,6
219,CCC[C@H](C)CCNC(=O)c1cc(CN2CCCCC2)on1,ENAMINE:PV-002414033527,x1052_1A,x1083_0A,0.5802810534221251,4
220,Cc1cc(NC(=O)N[C@H](C)c2nnc3ccccn23)no1,"ENAMINE:Z166677844,MOLPORT:009-143-547",x1052_1A,x1594_0A,0.5798034447656327,5
221,CCCC(=O)NCC1CCN(C(=O)CCN2CCCCC2)CC1,ENAMINE:PV-001335936345,x1083_0A,x1071_0A,0.5796907329160118,5
222,O=C(NCCc1nnc2ccccn12)NCc1ccc2c(c1)OCO2,MOLPORT:009-308-595,x1594_0A,x1919_0A,0.5795993425335182,5
223,Cc1cc(C(=O)NCC(=O)NCCN2CCCCC2)no1,ENAMINE:Z2910589309,x1052_1A,x1083_0A,0.5794870709416038,6
224,CCc1nnc2ccc(-c3noc(-c4ccc5c(c4)OCO5)n3)cn12,MOLPORT:010-931-679,x1594_0A,x2021_0A,0.5792434414508646,6
225,c1cncc([C@@H]2CCC[C@@H](NCc3ccc4c(c3)OCO4)C2)c1,ENAMINE:Z2001417850,x1498_0A,x1140_0A,0.5787110236660383,5
226,c1ccn2c(SCCCOc3ccc4c(c3)OCO4)nnc2c1,ENAMINE:Z875196656,x1594_0A,x1140_0A,0.5787099079572959,3
227,COCCCONC(=O)c1cc(CN2CCCCC2)on1,ENAMINE:Z2227205256,x1052_1A,x1083_0A,0.5785981530727856,5
228,CC(C)(C(=O)NCc1nnc2ccc(Cl)cn12)c1ccno1,ENAMINE:Z4298762628,x1594_0A,x1052_1A,0.5784010773835219,4
229,O=S(=O)(NC1(c2cccnc2)CCC1)c1ccc2c(c1)OCO2,ENAMINE:Z4278682654,x1140_0A,x2099_0A,0.5783816661503745,3
230,C[C@H](Cc1ccno1)NC(=O)c1nnc2c(Br)cccn12,ENAMINE:PV-002788619721,x1594_0A,x1052_1A,0.5782720434350963,2
231,CC(C)NC(=O)c1cc(CN2CCCCC2)on1,ENAMINE:Z2212058803,x1052_1A,x1083_0A,0.578219069642692,7
232,O=C(C=Cc1ccc2c(c1)OCO2)N[C@H]1CCN(c2nccn3cnnc23)C1,MOLPORT:042-617-389,x0147_0A,x2021_0A,0.5781526724026891,4
233,Cc1cc(C(=O)NC[C@@H](C)NC(=O)CCCN2CCCCC2)no1,"ENAMINE:PV-001407121624,ENAMINE:PV-001623027677,ENAMINE:PV-001631728280",x1052_1A,x1083_0A,0.5779506832051807,3
234,C[C@@H](COC(=O)c1ccc(C(C)(C)C)cn1)N1CCCCC1,ENAMINE:Z2498529465,x1498_0A,x1083_0A,0.5778761176997809,3
235,O=C(NCc1ccc2c(c1)OCO2)c1cn(-c2cccnc2)nn1,ENAMINE:PV-001791801081,x1140_0A,x2099_0A,0.5778152476555596,3
236,O=C(CCCc1nnc2ccccn12)NCc1ccc2c(c1)OCO2,MOLPORT:028-853-614,x1140_0A,x1594_0A,0.5777046115863349,4
237,Cc1cc(CCC(=O)NCCC(=O)N2CCCCC2)no1,ENAMINE:Z2949004169,x1052_1A,x1083_0A,0.5774445382656254,7
238,CCc1nnc2ccc(S(=O)(=O)N(CC(=O)OC)c3ccc4c(c3)OCO4)cn12,MOLPORT:010-916-292,x1594_0A,x2021_0A,0.5774356537138335,6
239,CC(C)(O)CCNC(=O)c1cc(CN2CCCCC2)on1,ENAMINE:Z2224632895,x1052_1A,x1083_0A,0.5773172202013461,6
240,O=C(CNS(=O)(=O)Cc1cc(C2CC2)no1)N1CCCCC1,ENAMINE:Z4261328227,x1071_0A,x1083_0A,0.5772082724447108,6
241,O=C(NCc1ccc2c(c1)OCO2)c1cccn1-c1cccnc1,MOLPORT:010-679-588,x1140_0A,x2099_0A,0.5767992557003254,3
242,Cc1cc(C(=O)NCC[C@H](C)NC(=O)CCN2CCCCC2)no1,"ENAMINE:PV-001424854115,ENAMINE:PV-001774239463",x1052_1A,x1083_0A,0.576473762279308,4
243,CCc1ccnc(C(=O)N[C@@H](C)CNC(=O)c2cccnc2)c1,"ENAMINE:PV-001407019012,ENAMINE:PV-001623186011,ENAMINE:PV-001631885614",x0980_0B,x2099_0A,0.5763530205558857,3
244,CCc1nnc2ccc(S(=O)(=O)Nc3ccc4c(c3)OCO4)cn12,MOLPORT:010-916-290,x1594_0A,x2021_0A,0.5760792270587393,5
245,CCOc1nccn2c(CNC(=O)c3ccc4c(c3)OCO4)nnc12,MOLPORT:039-074-956,x0147_0A,x1140_0A,0.5759618603091159,3
246,Cc1cc(CC(=O)NCCN(C)C(=O)CN2CCCCC2)no1,ENAMINE:PV-003055478330,x1052_1A,x1083_0A,0.5757824837329318,5
247,C[C@H](O)CNCC1CCN(C(=O)CCN2CCCCC2)CC1,ENAMINE:PV-000746229817,x1083_0A,x1071_0A,0.5757240892372656,3
248,O=C(C=Cc1ccc2c(c1)OCO2)NCc1nnc2c(O)nccn12,MOLPORT:039-074-853,x0147_0A,x1919_0A,0.5756290415288597,4
249,O=C(CCc1ccc2c(c1)OCO2)N1CCC[C@@H]1c1nnc2ccccn12,MOLPORT:007-123-258,x1594_0A,x1140_0A,0.5753688442208692,4
250,CC(C)(C)c1ccc(C(=O)OCCN2CCCCC2)nc1,ENAMINE:Z2371043881,x1498_0A,x1083_0A,0.57524404528801,3
251,CCN(Cc1ccccn1)C[C@@H](O)COc1ccc2c(c1)OCO2,ENAMINE:Z1408802098,x1140_0A,x1498_0A,0.5750409028789307,4
252,C[C@@H](CC(=O)Nc1ccc(F)cn1)c1ccc2c(c1)OCO2,ENAMINE:Z3295656426,x1498_0A,x1140_0A,0.5749877336614847,3
253,Cc1cc(NC(=O)NCCCN2CCCCC2)no1,MOLPORT:003-287-238,x1052_1A,x1083_0A,0.5748522282687866,3
254,CC(C)[C@@H](NC(=O)NCc1ccc2c(c1)OCO2)c1nnc2ccccn12,ENAMINE:Z1015294138,x1594_0A,x1140_0A,0.5747788240486225,5
255,CC[C@H](CNC(=O)c1cc(C)on1)NCC(=O)N1CCCCC1,ENAMINE:PV-000838168780,x1052_1A,x1083_0A,0.5745762459874726,5
256,c1cncc(-c2nc3c(c(NCc4ccc5c(c4)OCO5)n2)CNC3)c1,MOLPORT:020-225-031,x1498_0A,x2021_0A,0.5745491599709386,4
257,COC[C@@H](NC(=O)C(=O)Nc1cc2c(cc1C)OCO2)c1ccccn1,ENAMINE:Z3561731769,x1140_0A,x1498_0A,0.5742779504120377,2
258,C[C@H](NC(=O)c1cc(CN2CCCCC2)on1)C(=O)NCCO,ENAMINE:Z2223784116,x1052_1A,x1083_0A,0.5741496036981683,4
259,Cc1cc(C(=O)N[C@@H](C)CNC(=O)C(C)(C)N2CCCCC2)no1,"ENAMINE:PV-001408818288,ENAMINE:PV-001621413117,ENAMINE:PV-001630113720",x1052_1A,x1083_0A,0.574136890959864,3
260,O=C(Cc1ccc2c(c1)OCO2)N[C@H]1C[C@H](c2ccon2)C1,ENAMINE:Z4598660983,x1140_0A,x1052_1A,0.5738965745933391,4
261,O=C(CCCc1nnc2ccccn12)NCc1ccc2c(c1)OCO2,MOLPORT:028-853-614,x1594_0A,x1140_0A,0.5735534590623426,4
262,Nc1ccc(Sc2ccc3c(c2)OCO3)nc1,CHEMSPACE-BB:CSMB00134532766,x1498_0A,x1140_0A,0.5734478965087517,6
263,O=C(Nc1ccc2nncn2c1)c1csc(-c2ccc3c(c2)OCO3)n1,MOLPORT:046-806-247,x1594_0A,x1919_0A,0.5733592266789939,3
264,O=C(CCc1ccc2c(c1)OCO2)Nc1ccc(N2CCCC2)nc1,MOLPORT:009-445-034,x1498_0A,x2021_0A,0.5733216447572884,4
265,CS(=O)(=O)N(CC(=O)N1CCCCC1)c1ccc([C@]23C[C@H]4C[C@H](C[C@H](C4)C2)C3)cc1,MOLPORT:001-008-200,x1071_0A,x1083_0A,0.5728312360147739,5
266,c1ccc(-c2nc3c(c(NCc4ccc5c(c4)OCO5)n2)CCC3)nc1,ENAMINE:Z1172208416,x1498_0A,x1919_0A,0.5727618078727514,3
267,C[C@H](C(N)=O)N(C)C(=O)c1cc(CN2CCCCC2)on1,ENAMINE:Z4884157831,x1052_1A,x1083_0A,0.5726408506008853,6
268,C[C@H](NC(=O)c1cccc2c1OCO2)c1nnc2ccccn12,ENAMINE:Z690619784,x1140_0A,x1594_0A,0.5726311097604709,4
269,COc1cccc(CN[C@H](Cc2ccc3c(c2)OCO3)C(=O)O)n1,ENAMINE:Z1860323261,x1498_0A,x1140_0A,0.5725510318853427,5
270,c1cncc(-c2nc3c(c(NCc4ccc5c(c4)OCO5)n2)CNC3)c1,MOLPORT:020-225-031,x1498_0A,x1919_0A,0.5717185643464796,4
271,CN(C)C(=O)CNC1CCN(C(=O)CCN2CCCCC2)CC1,ENAMINE:PV-000745136802,x1083_0A,x1071_0A,0.5716546613243171,3
272,O=C(c1cccnc1)N(Cc1ccc2c(c1)OCO2)c1ccccc1,ENAMINE:Z1137286687,x1140_0A,x2099_0A,0.5714015038947026,3
273,O=C(Nc1nnc2ccc(Br)cn12)c1ccc2c(c1)OCO2,ENAMINE:PV-001806984740,x1594_0A,x2021_0A,0.5713932888360259,4
274,C[C@@H](C(=O)Nc1nnc(-c2ccon2)s1)c1cccnc1,ENAMINE:PV-002929137860,x1498_0A,x1052_1A,0.5707661277194696,4
275,O=C(CCc1ccc2c(c1)OCO2)NC1(c2ccccn2)CC1,ENAMINE:Z3060481975,x1498_0A,x2021_0A,0.5703935496434904,5
276,O=C(NCc1nnc2ccc(Cl)cn12)c1ccc2c(c1)OCO2,ENAMINE:PV-001861681757,x1594_0A,x1919_0A,0.5703177411616719,4
277,CS(=O)(=O)N(CC(=O)N1CCCCC1)c1ccc(C#N)cc1,ENAMINE:Z729527092,x1071_0A,x1083_0A,0.5701463320883,4
278,O=C(Cc1cc(-c2ccc3c(c2)OCO3)on1)NCc1ccccc1,MOLPORT:023-199-163,x1052_1A,x1140_0A,0.5697757879518894,5
279,C[C@@H](C(N)=O)N1CCCN(C(=O)c2cccc3[nH]ccc23)CC1,ENAMINE:PV-000108287581,x1020_0A,x0130_0A,0.5696748007441804,4
280,CCC[C@H](NC(=O)Nc1cc(C)on1)c1nnc2ccccn12,ENAMINE:Z983920816,x1052_1A,x1594_0A,0.5696146242501194,3
281,Cc1nnc2ccc(S(=O)(=O)N(CC(=O)OC(C)(C)C)c3ccc4c(c3)OCO4)cn12,MOLPORT:009-717-267,x1594_0A,x1140_0A,0.5692724006184702,4
282,C[C@H](NC(=O)Nc1ccon1)c1nnc2ccccn12,ENAMINE:Z1671851532,x1594_0A,x1052_1A,0.5690812054101191,3
283,CCNC[C@H]1C[C@@H](NC(=O)c2ccncc2)C1,"ENAMINE:PV-000210614280,ENAMINE:PV-000221189094",x1498_0A,x0130_0A,0.569026142496114,7
284,O=C(CCCN1CCCCC1)N1CCC(N2CCC2)CC1,ENAMINE:Z2915181599,x1083_0A,x1071_0A,0.5687856383989282,3
285,C1CCN(C2CN(C3CCNCC3)C2)CC1,CHEMSPACE-BB:CSMB00019794116,x1083_0A,x1071_0A,0.5685224447268573,4
286,CCS(=O)(=O)NC[C@H]1CO[C@@H]2CN(Cc3cccc4[nH]ccc34)C[C@H]12,MOLPORT:047-250-183,x1140_0A,x0130_0A,0.5682484762601893,6
287,O=C(NCc1ccc2c(c1)OCO2)N1CCC(c2cccnc2)CC1,ENAMINE:Z1563107958,x1140_0A,x2099_0A,0.5682389861094025,2
288,O=C(Nc1ccn2cnnc2c1)N1CCC[C@H]1c1ccon1,ENAMINE:Z4466956954,x1594_0A,x1052_1A,0.5676571896222197,2
289,CNC(=O)[C@@H](C)N[C@@H]1CCCN(C(=O)CCN2CCCCC2)C1,ENAMINE:PV-000962771374,x1083_0A,x1071_0A,0.567514619227949,5
290,Cc1cccc(N(CC(=O)N2CCCCC2)S(C)(=O)=O)c1,MOLPORT:001-007-465,x1071_0A,x1083_0A,0.5674922157458214,3
291,CC(=NNC(=O)c1ccc2c(c1)OCO2)c1ccccn1,"MOLPORT:003-820-170,MOLPORT:019-749-880",x1498_0A,x2021_0A,0.5672745517830793,4
292,CN(C)S(=O)(=O)c1ccc(N2CCC[C@H]2c2ccc3c(c2)OCO3)nc1,ENAMINE:Z1225461178,x1498_0A,x1919_0A,0.5668946764198952,5
293,Cc1cc(CCC(=O)NCCN2CCCCC2)no1,ENAMINE:Z2948584639,x1052_1A,x1083_0A,0.5668528927651881,5
294,C[C@@H](CC(=O)O)NC(=O)c1cc(CN2CCCCC2)on1,ENAMINE:Z4069735244,x1052_1A,x1083_0A,0.566838773525356,5
295,O=C(CCc1ccc2c(c1)OCO2)Nc1ccc2nncn2c1,ENAMINE:Z1609986978,x1594_0A,x1140_0A,0.5667800620795924,4
296,COC(=O)[C@@H](O)CNC(=O)c1cc(CN2CCCCC2)on1,ENAMINE:Z2223766391,x1052_1A,x1083_0A,0.5666754502265059,4
297,O=C(CCc1ccc2c(c1)OCO2)Nc1ccc(N2CCCC2)nc1,MOLPORT:009-445-034,x1498_0A,x1919_0A,0.5665088780533665,4
298,COc1ccccc1N(CC(=O)N1CCCCC1)S(C)(=O)=O,MOLPORT:001-992-451,x1071_0A,x1083_0A,0.5665006876358567,6
299,O=C(CN(CCc1cccs1)CC(=O)N1CCCCC1)N1CCCCC1,ENAMINE:Z374864468,x1083_0A,x1071_0A,0.5664666856886593,5
300,O=C(Nc1ccno1)c1cc2c(cc1Cl)OCO2,ENAMINE:PV-002853632742,x1140_0A,x1052_1A,0.5662867707254011,6
301,CCCCN(CC(F)(F)F)C(=O)c1cc(CN2CCCCC2)on1,ENAMINE:Z2213861133,x1052_1A,x1083_0A,0.5661326053986907,3
302,O=C(NCCn1ccc(-c2ccncc2)n1)Nc1ccc2c(c1)OCO2,MOLPORT:028-614-434,x1498_0A,x2021_0A,0.5660231416508157,4
303,CN(Cc1ccc2c(c1)OCO2)c1nnc2ccc(Br)cn12,ENAMINE:PV-004087910015,x1594_0A,x1919_0A,0.5659630356843349,4
304,C[C@H](Oc1ccc2c(c1)OCO2)C(=O)N[C@H]1CCN(c2nccn3cnnc23)C1,MOLPORT:042-617-411,x0147_0A,x2021_0A,0.5657893654344317,5
305,O=C(N[C@H]1C[C@@H](c2ccon2)C1)c1ccc2nncn2c1,ENAMINE:Z4478910351,x1594_0A,x1052_1A,0.5657000160288368,2
306,CON(C)C(=O)CNC(=O)c1cc(CN2CCCCC2)on1,ENAMINE:Z2373649196,x1052_1A,x1083_0A,0.5653520167112779,5
307,COC[C@H](CO)NC(=O)c1cc(CN2CCCCC2)on1,ENAMINE:Z2227934522,x1052_1A,x1083_0A,0.5651373175692862,7
308,O=C(NCc1ccc2c(c1)OCO2)c1ccc(-c2cccnc2)cc1,MOLPORT:010-692-734,x1140_0A,x2099_0A,0.5651027692670104,7
309,Cc1nnc2ccc(-c3noc(-c4ccc5c(c4)OCO5)n3)cn12,MOLPORT:010-931-630,x1594_0A,x1919_0A,0.5647595044299506,2
310,O=C(CSc1nnc(-c2ccncc2)o1)Nc1ccc2c(c1)OCO2,MOLPORT:000-473-191,x1498_0A,x1140_0A,0.5646500990415508,5
311,CC(C)(C)[C@@](C)(O)CNC(=O)c1cc(CN2CCCCC2)on1,ENAMINE:Z3209394706,x1052_1A,x1083_0A,0.5645592171217249,7
312,O=C(Nc1ccon1)c1ccc2nnc(C(F)F)n2c1,ENAMINE:Z1669740616,x1594_0A,x1052_1A,0.5644973283344753,2
313,O=C(Nc1nnc(-c2ccno2)o1)c1ccc2c(c1)OCO2,MOLPORT:003-125-209,x1140_0A,x1052_1A,0.5644423506469195,4
314,CCOc1ccc(N(CC(=O)N2CCCCC2)S(C)(=O)=O)cc1,MOLPORT:001-947-004,x1071_0A,x1083_0A,0.5643592025340545,2
315,O=C(CN(CCc1ccccc1)CC(=O)N1CCCCC1)N1CCCCC1,ENAMINE:Z374852542,x1083_0A,x1071_0A,0.564231096275797,3
316,C[C@H](NC(=O)C=Cc1ccc2c(c1)OCO2)c1nnc2ccccn12,MOLPORT:002-662-295,x1594_0A,x1140_0A,0.5642287266127041,4
317,O=C(NCCc1nnc2ccccn12)NCc1ccc2c(c1)OCO2,MOLPORT:009-308-595,x1594_0A,x2021_0A,0.5640214554771391,4
318,COCC(COC)NC(=O)c1c(-c2ccccn2)noc1C,ENAMINE:Z3612510036,x1052_1A,x1498_0A,0.564006853970638,4
319,C[C@H](CNC(=O)c1cccnc1)CNC(=O)c1cccnc1C1CC1,ENAMINE:PV-001550611009,x0980_0B,x2099_0A,0.5639383541886955,1
320,O=C(NC[C@H](CO)NC(=O)c1ccnc(C2CC2)c1)c1cccnc1,ENAMINE:PV-001117735183,x0980_0B,x2099_0A,0.5638602155532958,1
321,Cc1ccccc1N(CC(=O)N1CCCCC1)S(C)(=O)=O,MOLPORT:001-976-357,x1071_0A,x1083_0A,0.5636052952531486,3
322,C[C@@H](C#N)C(=O)N1CCC[C@@H](CNC(=O)CCN2CCCCC2)C1,ENAMINE:PV-001395100407,x1083_0A,x1071_0A,0.5634823592255477,5
323,CN(C)CCN(Cc1cccnc1)C(=O)COc1ccon1,ENAMINE:Z3350811384,x1498_0A,x1052_1A,0.563358390156368,8
324,CS(=O)(=O)N(CC(=O)N1CCCCC1)c1cccc(C(F)(F)F)c1,MOLPORT:001-976-615,x1071_0A,x1083_0A,0.5632937740503856,6
325,Cc1cc(C(=O)NC[C@@H](O)CNCC(=O)N2CCCCC2)no1,ENAMINE:PV-000874074510,x1052_1A,x1083_0A,0.5629340411312529,7
326,O=C(COCc1cc(-c2ccc3c(c2)OCO3)on1)Nc1cccnc1,MOLPORT:007-747-302,x1140_0A,x2099_0A,0.5629107277998946,3
327,CCc1nocc1C(=O)N[C@@H](c1nnc2ccccn12)C(C)C,ENAMINE:Z2626585379,x1052_1A,x1594_0A,0.5627332743737603,2
328,Cc1ccc2nnc(C(=O)N(C)Cc3ccon3)n2c1,ENAMINE:PV-003426868034,x1594_0A,x1052_1A,0.5624927860896173,3
329,CCC[C@H](C)N(C)C(=O)c1cc(CN2CCCCC2)on1,ENAMINE:Z2213156988,x1052_1A,x1083_0A,0.5624652316064428,7
330,CCS(=O)(=O)NC[C@@H]1CN(Cc2cccc3[nH]ccc23)Cc2ccnn21,MOLPORT:047-669-453,x1140_0A,x0130_0A,0.5624651862748904,5
331,C(=Cc1nnc(-c2ccncc2)o1)c1ccc2c(c1)OCO2,ENAMINE:PV-002760930975,x1498_0A,x1140_0A,0.5623940665906595,8
332,Cc1cc(C(=O)NCC[C@@H](C)NCC(=O)N2CCCCC2)no1,"ENAMINE:PV-000791373338,ENAMINE:PV-000968064597",x1052_1A,x1083_0A,0.5622965000129925,5
333,C[C@H](NC(=O)Nc1ccc(C(C)(C)C)cn1)C(=O)N1CCCCC1,ENAMINE:Z2954317063,x1498_0A,x1083_0A,0.562233736609108,2
334,C[C@@H](Sc1nnc2ccccn12)C(=O)NCc1ccc2c(c1)OCO2,MOLPORT:004-164-150,x1594_0A,x1140_0A,0.5620641718949184,4
335,CC(C)(C(=O)Nc1cc2c(cc1Br)OCO2)c1ccno1,ENAMINE:Z4325208866,x1140_0A,x1052_1A,0.5617657891358148,6
336,O=C(NCc1ccc2c(c1)OCO2)c1cnn(-c2ccncc2)c1,ENAMINE:PV-001791801963,x1498_0A,x1140_0A,0.5617178611156656,4
337,CCOc1ccccc1N(CC(=O)N1CCCCC1)S(C)(=O)=O,MOLPORT:001-976-405,x1071_0A,x1083_0A,0.5616046267875835,5
338,FC(F)(F)C(F)(F)[C@@H]1CCCN(CCCN2CCCCC2)C1,ENAMINE:Z3882913443,x1083_0A,x1071_0A,0.5615270939596363,3
339,C(=CCN1CCCCC1)CN1CCCCC1,"MOLPORT:001-899-110,MOLPORT:047-118-397",x1083_0A,x1071_0A,0.5614474587671028,2
340,CC(C)(C)c1cccnc1C(=O)OCCNC(=O)N1CCCCC1,ENAMINE:Z3875575978,x1498_0A,x1083_0A,0.5614105290293631,3
341,O=[N+]([O-])C(C(Cl)=C(Cl)Cl)=C(N1CCCCC1)N1CCCCC1,MOLPORT:001-933-749,x1083_0A,x1071_0A,0.5613084891628731,5
342,O=C(NCCc1nnc2ccccn12)Nc1ccc2c(c1)OCO2,MOLPORT:009-427-638,x1594_0A,x1140_0A,0.5612364031494773,4
343,Cc1cc(NC(=O)NCC(C)(C)N2CCCCC2)no1,ENAMINE:Z166684078,x1052_1A,x1083_0A,0.5611773203111198,4
344,C[C@@H](CCNC(=O)c1cccnc1)NC(=O)c1cccnc1C1CC1,"ENAMINE:PV-001424749032,ENAMINE:PV-001774136246",x0980_0B,x2099_0A,0.5610845931379462,1
345,CCOc1ncccc1NC(=O)N(C)Cc1ccc2c(c1)OCO2,MOLPORT:009-324-952,x1498_0A,x2021_0A,0.560922665413248,4
346,O=C(NC1(c2ccc3c(c2)OCO3)CC1)c1cccnc1,ENAMINE:Z1461435186,x1140_0A,x2099_0A,0.5605179418368592,3
347,O=C(COCc1cc(-c2ccc3c(c2)OCO3)on1)NCc1ccccc1,MOLPORT:006-845-138,x1052_1A,x1140_0A,0.560506896117944,4
348,C[C@H](O)CN[C@H]1CCCN(C(=O)CCCN2CCCCC2)C1,ENAMINE:PV-000962734392,x1083_0A,x1071_0A,0.5604236155575908,5
349,O=C(Nc1ccc2nncn2c1)c1csc(-c2ccc3c(c2)OCO3)n1,MOLPORT:046-806-247,x1594_0A,x2021_0A,0.5604093129285052,4
350,O=C(NCc1ccc2c(c1)OCO2)c1ccn(-c2ccncc2)n1,ENAMINE:Z1881543489,x1498_0A,x1140_0A,0.5603598019321806,7
351,C[C@H](Sc1nnc2ccccn12)C(=O)Nc1ccc2c(c1)OCO2,MOLPORT:004-166-388,x1140_0A,x1594_0A,0.5603242110709602,3
352,C[C@@H](N[C@@H]1CCN(c2ccccn2)C1)c1ccc2c(c1)OCO2,"ENAMINE:Z1583097398,MOLPORT:028-787-175",x1498_0A,x2021_0A,0.5603091034905502,6
353,Cc1cc(NC(=O)NC[C@H](C)CN2CCCCC2)no1,ENAMINE:Z744076034,x1052_1A,x1083_0A,0.5601530779122335,7
354,CC(C)[C@H](C(=O)Nc1ccc(C(C)(C)C)cn1)N1CCCCC1,ENAMINE:PV-002555132891,x1498_0A,x1083_0A,0.5600702723427318,2
355,C[C@@H](CNC(=O)Cc1ccon1)NC(=O)c1cn2cnnc2cn1,ENAMINE:PV-002759602858,x0147_0A,x1052_1A,0.5599569662887512,2
356,CS(=O)(=O)N(CC(=O)N1CCCCC1)c1ccccc1F,MOLPORT:001-976-565,x1071_0A,x1083_0A,0.55994890385919,5
357,CC(C)(C)c1cncc(C(=O)NCC(C)(C)N2CCCCC2)c1,ENAMINE:PV-002486067330,x1498_0A,x1083_0A,0.5599327527296212,3
358,CC(=O)c1cccc(N(CC(=O)N2CCCCC2)S(C)(=O)=O)c1,MOLPORT:002-277-859,x1071_0A,x1083_0A,0.5598497734330186,4
359,Cc1ccc(N(CC(=O)N2CCCCC2)S(C)(=O)=O)cc1,MOLPORT:001-007-046,x1071_0A,x1083_0A,0.5595095248938508,3
360,O=C(COc1ccon1)NCc1nnc2ccc(Cl)cn12,ENAMINE:PV-002961750857,x1594_0A,x1052_1A,0.5594622025557653,2
361,CC(=O)c1ccc(NC(=O)C=Cc2ccc3c(c2)OCO3)nc1,ENAMINE:Z1534074451,x1498_0A,x1140_0A,0.559310347107618,5
362,O=C(NCc1nnc2ccc(Cl)cn12)c1ccc2c(c1)OCO2,ENAMINE:PV-001861681757,x1594_0A,x2021_0A,0.5590180851277144,5
363,CC(C)(O)CC(=O)N1CCC(NC(=O)CCN2CCCCC2)CC1,ENAMINE:PV-001333124983,x1020_0A,x1083_0A,0.558865528549709,1
364,CS(=O)(=O)N(CC(=O)N1CCCCC1)c1ccc(F)cc1,MOLPORT:001-976-282,x1071_0A,x1083_0A,0.5586343813759591,3
365,CCCOCCS(=O)(=O)NCc1ccccc1N1CCCCC1,ENAMINE:Z4268271280,x1083_0A,x1919_0A,0.5585340883889033,5
366,CN(Cc1ccc2c(c1)OCO2)c1nnc2ccc(Br)cn12,ENAMINE:PV-004087910015,x1594_0A,x2021_0A,0.5583702595038762,4
367,O=C(NCc1ccc2c(c1)OCO2)Nc1ccc(N2CCCC2)nc1,MOLPORT:009-308-590,x1498_0A,x1919_0A,0.5581972335290228,4
368,Cc1cc(CN(C)C(=O)NCCCCCN2CCCCC2)no1,ENAMINE:Z1177310847,x1052_1A,x1083_0A,0.5580646249295322,5
369,C[C@H](Sc1nnc2ccccn12)C(=O)NCc1ccc2c(c1)OCO2,MOLPORT:004-164-150,x1140_0A,x1594_0A,0.5580531119159371,4
370,O=C(NCc1ccc2c(c1)OCO2)c1c[nH]nc1-c1ccccn1,ENAMINE:Z2168714221,x1140_0A,x1498_0A,0.5578841372588281,5
371,COC(=O)CN(CC(C)C)C(=O)c1cc(CN2CCCCC2)on1,ENAMINE:Z2222962144,x1052_1A,x1083_0A,0.557838575626474,3
372,CC(C)c1ccc(N(CC(=O)N2CCCCC2)S(C)(=O)=O)cc1,MOLPORT:002-086-021,x1071_0A,x1083_0A,0.5578144946713898,4
373,Cc1cc(C(=O)NCC(C)(C)N2CCCCC2)no1,ENAMINE:Z32507591,x1052_1A,x1083_0A,0.557557817020346,4
374,O=C(NNC(=S)Nc1ccc2c(c1)OCO2)c1ccccn1,MOLPORT:001-586-715,x1140_0A,x1498_0A,0.5575358864385012,5
375,CS(=O)(=O)N(CC(=O)N1CCCCC1)c1cccc(F)c1,MOLPORT:002-003-584,x1071_0A,x1083_0A,0.5574719940154426,7
376,Brc1cc2c(cc1CSc1nnc3ccccn13)OCO2,MOLPORT:004-130-065,x1140_0A,x1594_0A,0.5574214598819268,4
377,Cc1nnc2ccc(-c3noc(-c4ccc5c(c4)OCO5)n3)cn12,MOLPORT:010-931-630,x1594_0A,x2021_0A,0.5573630466777719,4
378,CC(C)(C)c1cncc(CN[C@@H](CN2CCCCC2)C(=O)O)c1,ENAMINE:Z3255855012,x1498_0A,x1083_0A,0.5573259969640997,3
379,O=C(Cc1cccnc1)NC1(c2ccc3c(c2)OCO3)CC1,ENAMINE:Z1461434139,x1140_0A,x2099_0A,0.5572934297545152,3
380,COCc1cc(C(=O)NCCc2nnc3ccccn23)no1,ENAMINE:Z1273212254,x1052_1A,x1594_0A,0.5572394183961272,4
381,c1ccn2c(SCc3ccc4c(c3)OCO4)nnc2c1,MOLPORT:000-224-687,x1140_0A,x1594_0A,0.5572304875605995,4
382,CC(C)[C@H](O)C(=O)NC1CCN(CC(=O)N2CCCCC2)CC1,ENAMINE:PV-000748660054,x1083_0A,x1071_0A,0.5571371978557463,2
383,CC(C)(C)c1cncc(C(=O)N[C@H](CO)CN2CCCCC2)c1,ENAMINE:Z3051889040,x1498_0A,x1083_0A,0.5570661278054834,3
384,O=C(C=Cc1ccc2c(c1)OCO2)Nc1ccc(Cl)cn1,"MOLPORT:001-623-198,MOLPORT:009-165-023",x1498_0A,x1140_0A,0.5568664860551982,4
385,CS(=O)(=O)N(CC(=O)N1CCCCC1)c1ccccc1Br,MOLPORT:006-781-061,x1071_0A,x1083_0A,0.5568462161538856,4
386,O=C(Cc1ccc2c(c1)OCO2)N[C@H]1CCN(c2nccn3cnnc23)C1,MOLPORT:042-617-405,x0147_0A,x1919_0A,0.5567896699771113,4
387,CCNS(=O)(=O)c1ccc(N2CCC[C@H]2c2ccc3c(c2)OCO3)nc1,ENAMINE:Z1230734626,x1498_0A,x1919_0A,0.5567561717806712,4
388,c1cncc(-c2nc(NCCc3ccc4c(c3)OCO4)c3ccccc3n2)c1,MOLPORT:009-371-817,x1498_0A,x2021_0A,0.5567249766613587,5
389,O=C(Nc1ccccn1)c1cnc(-c2ccc3c(c2)OCO3)s1,"MOLPORT:020-079-586,ENAMINE:Z1102117532",x1140_0A,x1498_0A,0.5562799401384219,5
390,Cc1cc(C(=O)N[C@H](C)c2nnc3ccccn23)on1,ENAMINE:Z131530150,x1052_1A,x1594_0A,0.5560929529020808,5
391,C[C@@H](Cc1ccno1)NC(=O)c1cc(Br)cc2c1OCO2,ENAMINE:Z3893428172,x1140_0A,x1052_1A,0.5559954898592305,3
392,O=C(COc1ccon1)NCc1nnc2c(Cl)cccn12,ENAMINE:PV-002991171139,x1594_0A,x1052_1A,0.555802844275136,3
393,NC1(CCC(=O)Nc2cccc3[nH]ccc23)CCCC1,ENAMINE:Z3099823957,x1020_0A,x0130_0A,0.5556558363241504,4
394,Cc1cc(NC(=O)CCSc2nnc3ccccn23)no1,MOLPORT:009-132-032,x1052_1A,x1594_0A,0.5556011835930236,6
395,O=C(Nc1cccnc1)C1(c2ccc3c(c2)OCO3)CC1,ENAMINE:Z2945575707,x1140_0A,x2099_0A,0.5555987155368312,2
396,C[C@H](CNC(=O)c1ccc(F)cn1)CN(C)C(=O)c1ccon1,ENAMINE:PV-003637916914,x1498_0A,x1052_1A,0.555377495299499,4
397,CCC(=O)N[C@@H]1CCN(C[C@H](O)COc2cccc3[nH]ccc23)C1,ENAMINE:PV-000762930824,x1020_0A,x0130_0A,0.5553617392689352,4
398,COc1cccc(N(CC(=O)N2CCCCC2)S(C)(=O)=O)c1,MOLPORT:001-975-566,x1071_0A,x1083_0A,0.5552709952000224,3
399,CC(C)Oc1cccc(N(CC(=O)N2CCCCC2)S(C)(=O)=O)c1,MOLPORT:019-798-262,x1071_0A,x1083_0A,0.5551942706610132,4
400,CC(=NNC(=O)c1ccc2c(c1)OCO2)c1ccccn1,"MOLPORT:003-820-170,MOLPORT:019-749-880",x1498_0A,x1919_0A,0.5550925471889072,4
401,O=C(c1cn2cnnc2cn1)N1CCC(c2ccon2)CC1,ENAMINE:Z3555412851,x0147_0A,x1052_1A,0.5550656911594167,2
402,O=C(NCc1ccc2c(c1)OCO2)NCc1nnc2ccc(C(F)(F)F)cn12,ENAMINE:Z402399032,x1594_0A,x2021_0A,0.5550521608163022,4
403,CCC(=O)N1CCCC[C@H]1CNC(=O)[C@@H](C(C)C)N1CCCCC1,ENAMINE:PV-001399589358,x1083_0A,x1071_0A,0.5549544751486967,4
404,CN(C(=O)NCCNc1ccccn1)c1ccc2c(c1)OCO2,ENAMINE:Z1884532888,x1140_0A,x1498_0A,0.5549027556479824,4
405,Cc1cc(C(=O)NC[C@@H](C)CN2CCCCC2)no1,ENAMINE:Z782940262,x1052_1A,x1083_0A,0.5548387031770278,5
406,C[C@H](CNC(=O)c1cccnc1)CNC(=O)c1ccnc(C2CC2)c1,ENAMINE:PV-001550611024,x0980_0B,x2099_0A,0.5547230618328406,2
407,O=C(CSc1nnc2ccc(C(F)(F)F)cn12)c1ccc2c(c1)OCO2,MOLPORT:019-646-634,x1594_0A,x2021_0A,0.5545416647948591,4
408,O=C(NCC1(c2ccc3c(c2)OCO3)CC1)c1cccnc1,MOLPORT:020-136-762,x1140_0A,x2099_0A,0.554323721846054,5
409,CN(Cc1cccnc1)CC1(c2ccc3c(c2)OCO3)CC1,ENAMINE:PV-002450820474,x1140_0A,x2099_0A,0.5543081146595067,5
410,COc1cc(CC(=O)NCc2nnc3ccccn23)on1,ENAMINE:PV-002154018716,x1052_1A,x1594_0A,0.554221862460529,4
411,O=C(CNC(=O)c1ccc2c(c1)OCO2)NCc1nnc2ccccn12,MOLPORT:004-123-247,x1594_0A,x2021_0A,0.5539198837903383,5
412,O=C(NCc1ccc2c(c1)OCO2)NCc1nnc2ccc(C(F)(F)F)cn12,ENAMINE:Z402399032,x1594_0A,x1919_0A,0.5538368769365205,3
413,COCC(=O)NC[C@@H]1CCCN(C(=O)CCN2CCCCC2)C1,ENAMINE:PV-001394321489,x1083_0A,x1071_0A,0.5537414235498589,5
414,O=C(COc1cccnc1)N(Cc1cccnc1)Cc1ccc2c(c1)OCO2,MOLPORT:008-371-062,x1140_0A,x2099_0A,0.5537279291929822,1
415,O=C(CCN1C(=O)COc2ccccc21)N1CCC(N2CCCCC2)CC1,MOLPORT:009-346-838,x1083_0A,x1071_0A,0.5536876840016758,4
416,O=C(CCN1CCC(c2nnc3ccccn23)CC1)Nc1ccc2c(c1)OCO2,MOLPORT:038-951-175,x1594_0A,x2021_0A,0.5536165807855393,4
417,CC(C)C[C@H](NC(=O)c1ccc2c(c1)OCO2)c1nnc2ccccn12,MOLPORT:006-319-033,x1594_0A,x1140_0A,0.5536127846060417,3
418,CS(=O)(=O)N(CC(=O)N1CCCCC1)c1ccc(C(F)(F)F)cc1,MOLPORT:016-589-419,x1071_0A,x1083_0A,0.5535715842566191,3
419,CCc1cc(CNCc2nnc3ccccn23)no1,ENAMINE:Z2971628579,x1052_1A,x1594_0A,0.5532069899822218,5
420,C[C@H](CNCc1ccon1)CNC(=O)c1ccc2nncn2c1,ENAMINE:PV-000855067917,x1594_0A,x1052_1A,0.5529181121816613,3
421,COC(=O)[C@@](C)(O)CNC(=O)c1cc(CN2CCCCC2)on1,ENAMINE:PV-002422565147,x1052_1A,x1083_0A,0.5527114791851716,3
422,CC(C)c1cc(CNc2nnc3ccccn23)no1,ENAMINE:Z3828356857,x1052_1A,x1594_0A,0.5526423411341521,5
423,O=C(Cc1ccon1)Nc1nnc2ccc(Cl)cn12,ENAMINE:PV-003019300793,x1594_0A,x1052_1A,0.5522172513334717,4
424,Brc1ccc2nnc(SCc3ccon3)n2c1,ENAMINE:Z2217579069,x1594_0A,x1052_1A,0.5518146682476851,2
425,NCC1(c2cccnc2N2CCCCC2)CCOCC1,CHEMSPACE-BB:CSMB00137857092,x1498_0A,x1083_0A,0.5517918481303761,2
426,CC(C)[C@H](O)C(=O)N1CCC(NC(=O)CCN2CCCCC2)CC1,ENAMINE:PV-001333138284,x1020_0A,x1083_0A,0.5514953172887214,2
427,Cc1cc(NCCCN2CCCCC2)no1,CHEMSPACE-BB:CSMB00053807957,x1052_1A,x1083_0A,0.551210474457089,5
428,O=C(NCCn1ccc(-c2ccncc2)n1)Nc1ccc2c(c1)OCO2,MOLPORT:028-614-434,x1498_0A,x1919_0A,0.5511596620284986,3
429,c1cn2cnnc2c(N2CC[C@@H](CN3CCCCC3)C2)n1,ENAMINE:Z1576884407,x0147_0A,x1083_0A,0.5510826295510284,2
430,CS(=O)(=O)N(CC(=O)N1CCCCC1)c1cccc(Br)c1,MOLPORT:001-907-221,x1071_0A,x1083_0A,0.5510184207698453,5
431,c1ccc(-c2ccnc(NCCc3ccc4c(c3)OCO4)n2)nc1,MOLPORT:029-891-838,x1498_0A,x2021_0A,0.5508658863197259,6
432,CCOc1ncccc1NC(=O)N(C)Cc1ccc2c(c1)OCO2,MOLPORT:009-324-952,x1498_0A,x1919_0A,0.5506792248792679,4
433,CCC(=O)N[C@H]1CCN(C(=O)c2ccc3c(c2)OCO3)C1,ENAMINE:PV-002890832704,x1140_0A,x1020_0A,0.5506207495279575,4
434,O=C(CCC1CCC1)N[C@H]1C[C@H](N2CCCCC2)C1,ENAMINE:Z1954241889,x1020_0A,x1083_0A,0.5503849697409249,3
435,Cc1cc(CCC(=O)N2CCCCC2)no1,ENAMINE:Z2945472627,x1052_1A,x1083_0A,0.5502901078935586,6
436,Cc1cccn2c(C(=O)N[C@@H](C)c3ccc4c(c3)OCO4)nnc12,ENAMINE:PV-003203850393,x1594_0A,x2021_0A,0.5502339990995692,4
437,O=C(NCc1nnc2ccc(C(F)(F)F)cn12)c1ccc2c(c1)OCO2,ENAMINE:Z154334660,x1594_0A,x2021_0A,0.5500751775505826,5
438,CS(=O)(=O)NCC(=O)N1CCCC(NC(=O)c2cocn2)CCC1,ENAMINE:PV-003166267995,x1071_0A,x1498_0A,0.7088134756644641,5
439,CS(=O)(=O)NCC(=O)N1CC2(CC[C@@H]2NC(=O)c2cscn2)C1,ENAMINE:PV-003249016057,x1071_0A,x1498_0A,0.7051801895782593,4
440,CS(=O)(=O)NCC(=O)N1C[C@]2(NC(=O)c3cncs3)C[C@H]1C2,ENAMINE:PV-003698047641,x1071_0A,x1498_0A,0.6952814650703345,4
441,CS(=O)(=O)NCC(=O)N1C[C@]2(NC(=O)c3cocn3)C[C@H]1C2,ENAMINE:PV-003892465670,x1071_0A,x1498_0A,0.6911308951341378,5
442,CS(=O)(=O)NCC(=O)N1C[C@@H]2[C@H](C1)[C@H]2NC(=O)c1cncs1,ENAMINE:PV-002837392078,x1071_0A,x1498_0A,0.6908828595266392,4
443,CS(=O)(=O)NCC(=O)N1C[C@@H]2[C@H](C1)[C@H]2NC(=O)c1ccns1,ENAMINE:PV-003037229719,x1071_0A,x1498_0A,0.6880965016262071,4
444,Cc1nnc2c(N(C)Cc3ccc4c(c3)OCCO4)nccn12,MOLPORT:047-805-123,x0147_0A,x2021_0A,0.6878400424483173,7
445,CS(=O)(=O)NCC(=O)N1CC[C@@H](NC(=O)c2ccns2)C12CC2,ENAMINE:PV-003337155127,x1071_0A,x1498_0A,0.6790700859740887,7
446,CC(C)[C@H](C(=O)Nc1ccc2c(c1)OCO2)N(Cc1cccnc1)C(=O)Cn1nnc2ccccc21,MOLPORT:003-852-630,x1140_0A,x1594_0A,0.6699487462490354,7
447,O=C(CN(Cc1cccnc1)C(=O)Cn1nnc2ccccc21)Nc1ccc2c(c1)OCO2,MOLPORT:003-852-627,x1140_0A,x1594_0A,0.6690835577285339,5
448,O=C(Cn1nnc2ccccc21)Nc1nc(-c2ccc3c(c2)OCO3)cs1,MOLPORT:004-198-003,x1140_0A,x1594_0A,0.668381855356465,4
449,CS(=O)(=O)NCC(=O)N1CCCC[C@H](NC(=O)c2cnsc2)C1,ENAMINE:PV-004068459416,x1071_0A,x1498_0A,0.6679956186743267,7
450,Brc1cc2c(cc1COn1nnc3ccccc31)OCO2,MOLPORT:001-006-121,x1140_0A,x1594_0A,0.6669334147641777,2
451,CS(=O)(=O)NCC(=O)N1CCC[C@H](NC(=O)c2ccns2)C1,ENAMINE:PV-002927878029,x1071_0A,x1498_0A,0.6602748305230216,4
452,C[C@@H](NC(=O)c1ccns1)C1CN(C(=O)CNS(C)(=O)=O)C1,ENAMINE:PV-002861934403,x1071_0A,x1498_0A,0.6579251072702809,4
453,CS(=O)(=O)NCC(=O)N1CCC[C@@H]1CCNC(=O)c1cocn1,ENAMINE:PV-003010309921,x1071_0A,x1498_0A,0.6578769644057877,4
454,O=C(NCCc1nnc2ccccn12)c1ccc2c(c1)OCCCO2,MOLPORT:021-742-444,x1594_0A,x2021_0A,0.6574677205693047,5
455,CCNS(=O)(=O)c1cccc(CNc2nccn3cnnc23)c1,ENAMINE:PV-002496820864,x0147_0A,x1140_0A,0.6551750144525091,3
456,CS(=O)(=O)NCC(=O)N1CCC[C@@H]1CCNC(=O)c1ccon1,ENAMINE:PV-002747048626,x1071_0A,x1498_0A,0.6548764806890621,7
457,CCN(C(=O)c1cncs1)[C@H]1CCN(C(=O)CNS(C)(=O)=O)C1,ENAMINE:PV-004092921190,x1071_0A,x1498_0A,0.6540609444699783,4
458,O=C(C1CCN(c2nccn3cnnc23)CC1)N1CCCC1,MOLPORT:040-106-968,x0147_0A,x1083_0A,0.6523462905251064,2
459,c1cn2cnnc2c(NCc2ccn(C3CCCC3)n2)n1,MOLPORT:039-581-426,x0147_0A,x1083_0A,0.6516703995121518,2
460,C[C@@H](F)CC(=O)NC[C@@H]1CCCN1C(=O)c1ccc2nncn2c1,ENAMINE:PV-003203367977,x1594_0A,x1919_0A,0.6508341880038947,5
461,Cc1nnc2c(N(C)Cc3ccc4c(c3)OCCO4)nccn12,MOLPORT:047-805-123,x0147_0A,x1919_0A,0.6497410882679701,5
462,CC(C)(C(=O)Nc1ccc2c(c1)OCO2)N(Cc1cccnc1)C(=O)Cn1nnc2ccccc21,MOLPORT:003-852-632,x1140_0A,x1594_0A,0.6491309157782871,5
463,CN(C[C@H]1CCCN1C(=O)CNS(C)(=O)=O)C(=O)c1cocn1,ENAMINE:PV-002817724868,x1071_0A,x1498_0A,0.6477057046774494,4
464,CN(C[C@H]1CCCN1C(=O)CNS(C)(=O)=O)C(=O)c1cnsc1,ENAMINE:PV-004130447487,x1071_0A,x1498_0A,0.6463891122536816,5
465,O=S(=O)(c1ccc2c(c1)OCCO2)N1CCC[C@@H]1c1nnc2ccccn12,MOLPORT:003-271-619,x1594_0A,x2021_0A,0.6451804102016833,5
466,O=C(CSc1nnc2ccccn12)N1CCC[C@H]1c1ccc2c(c1)OCCCO2,MOLPORT:009-222-788,x1594_0A,x2021_0A,0.6438276424843086,8
467,O=C(Cc1ccc2c(c1)OCCO2)NCc1nnc2ccc(C(F)(F)F)cn12,MOLPORT:009-406-090,x1594_0A,x2021_0A,0.6403419818629591,5
468,O=C(Nc1c(F)ccc2c1OCO2)c1nnn2ccccc12,ENAMINE:PV-002205904863,x1140_0A,x1594_0A,0.6400994741816273,5
469,O=C(CSc1nnc2ccccn12)N1CCC[C@@H]1c1ccc2c(c1)OCCCO2,MOLPORT:009-222-788,x1594_0A,x1919_0A,0.6327898409101085,7
470,CS(=O)(=O)NCC(=O)N1CC[C@@H](NC(=O)CCCC2CCC2)C1,"ENAMINE:PV-002853806743,ENAMINE:PV-002853806745",x1071_0A,x1083_0A,0.6325141006403509,4
471,CS(=O)(=O)NCC(=O)N1CC[C@H](NC(=O)CC2CCCC2)C1,ENAMINE:PV-002772466201,x1071_0A,x1083_0A,0.6306371691533921,5
472,O=C(Nc1c(Cl)ccc2c1OCO2)c1cnnc2ccccc12,ENAMINE:PV-002213898695,x1140_0A,x1594_0A,0.6296415764215917,5
473,COC1(CS(=O)(=O)NCC(=O)C2CCC2)CCOCC1,ENAMINE:Z3619119725,x1071_0A,x1083_0A,0.6294723980724756,4
474,COC(=O)CN(c1ccc2c(c1)OCCO2)S(=O)(=O)c1ccc2nnc(C)n2c1,MOLPORT:010-916-302,x1594_0A,x2021_0A,0.6280595632886791,8
475,O=C(CCC1CCCCC1)N1CCC(c2nnc3ccccn23)CC1,"MOLPORT:009-129-296,ENAMINE:Z95869934",x1594_0A,x1083_0A,0.6278278142682271,4
476,O=C(Cc1ccc2c(c1)OCCCO2)NCCc1nnc2ccccn12,MOLPORT:027-714-254,x1594_0A,x2021_0A,0.6275782190657075,6
477,CS(=O)(=O)NCC(=O)N1C[C@H]2C[C@@H]1CN(C(=O)c1ccon1)C2,ENAMINE:PV-002964919886,x1071_0A,x1498_0A,0.625962150731181,5
478,c1ccc2c(c1)nnn2CN1CCN(c2ccc3c(c2)OCO3)CC1,MOLPORT:002-884-910,x1140_0A,x1594_0A,0.6255149037960497,5
479,CN1CCC(CCNC(=O)c2cnnc3ccccc23)CC1,ENAMINE:Z2702597197,x1083_0A,x1594_0A,0.6253630797471184,3
480,CS(=O)(=O)NCC(=O)N1C[C@H]2C[C@@H](C1)N(C(=O)c1cnco1)C2,ENAMINE:PV-003003682922,x1071_0A,x1498_0A,0.6238859586714275,5
481,O=C(CSc1nnc2ccccn12)Nc1ccc2c(c1)OCCO2,MOLPORT:000-224-296,x1594_0A,x2021_0A,0.623827567247895,5
482,O=C(NCc1nnc2ccccn12)c1ccc2c(c1)OCCO2,ENAMINE:Z62866073,x1594_0A,x2021_0A,0.6237982016055592,6
483,CS(=O)(=O)NCC(=O)N1CCCC(NC(=O)CC2CCC2)CCC1,ENAMINE:PV-003259821182,x1071_0A,x1083_0A,0.6236975395369865,6
484,c1ccc2c(c1)nnn2Cc1nnc2sc(-c3ccc4c(c3)OCO4)nn12,MOLPORT:002-101-128,x1140_0A,x1594_0A,0.6234228504404514,4
485,Cc1ccn2c(C(=O)NCc3ccc4c(c3)OCCO4)nnc2c1,ENAMINE:PV-002777360883,x1594_0A,x2021_0A,0.6232363772155022,7
486,O=C(C[C@H]1CCCCC12CC2)NCCc1nnc2ccccn12,ENAMINE:Z4638950487,x1594_0A,x1071_0A,0.6227248648192588,6
487,O=C(Cn1nnc2ccccc21)NCCc1ccc2c(c1)OCO2,MOLPORT:005-618-309,x1140_0A,x1594_0A,0.6223484062666144,4
488,CS(=O)(=O)NCC(=O)N1CCCC[C@@H]1CNC(=O)c1cccnc1,ENAMINE:PV-003011340040,x1071_0A,x1498_0A,0.6207265667812422,3
489,Cc1ccn2c(NC(=O)c3ccc4c(n3)OCCO4)nnc2c1,ENAMINE:PV-002170363934,x1594_0A,x2021_0A,0.6203932962327074,4
490,Cc1nnc2ccc(C(=O)Nc3cc4c(cn3)OCCC4)cn12,ENAMINE:Z2297554111,x1594_0A,x2021_0A,0.6201553862117709,5
491,CC(C)(C(=O)N[C@@H]1CCN(C(=O)CNS(C)(=O)=O)C1)C1CCC1,ENAMINE:PV-003495244868,x1071_0A,x1083_0A,0.6177280359692239,4
492,O=C(Nc1nc(-c2ccc3c(c2)OCCO3)cs1)c1ccc2nncn2c1,MOLPORT:009-356-437,x1594_0A,x2021_0A,0.6170649440350389,7
493,O=C(Cc1ccc2c(c1)OCCO2)NCc1nnc2ccc(C(F)(F)F)cn12,MOLPORT:009-406-090,x1594_0A,x1919_0A,0.6164577927061458,3
494,CS(=O)(=O)NCC(=O)N1CCC[C@H](CNC(=O)C2CCC2)CC1,ENAMINE:PV-002936090586,x1071_0A,x1083_0A,0.6153145707804191,5
495,CN(C(=O)c1ccsn1)[C@H]1CCCN(C(=O)CNS(C)(=O)=O)C1,"ENAMINE:PV-004005769645,ENAMINE:PV-004005769646",x1071_0A,x1498_0A,0.6152989325425791,4
496,Cc1cc2c(cc1NC(=O)Cn1nnc3ccccc31)OCO2,"ENAMINE:PV-001842643011,ENAMINE:Z1635502415",x1140_0A,x1594_0A,0.6140789485637043,5
497,c1cn2cnnc2c(NCCc2ccc3c(c2)OCCO3)n1,ENAMINE:Z1281715982,x0147_0A,x1140_0A,0.6133904994548526,4
498,CC1CCN(CCCNC(=O)c2nnn3ccccc23)CC1,ENAMINE:Z3309753665,x1083_0A,x1594_0A,0.6133230690525352,3
499,N#CC1(CS(=O)(=O)NCC(=O)N2CCCC2)CCCCC1,ENAMINE:Z1688379560,x1071_0A,x1083_0A,0.6116664285489112,4
500,N#CC1(CS(=O)(=O)NCC(=O)C2CCC2)CCCCC1,ENAMINE:Z3619118888,x1071_0A,x1083_0A,0.611361824174065,5
501,O=C(CNS(=O)(=O)CC1(C(F)(F)F)CCCCC1)C1CCCC1,ENAMINE:PV-003025000597,x1071_0A,x1083_0A,0.6099877651816296,4
502,CS(=O)(=O)NCC(=O)N1CCC(CNC(=O)c2cnsc2)CC1,ENAMINE:PV-004112629023,x1071_0A,x1498_0A,0.6098737298936423,5
503,COC(=O)CN(c1ccc2c(c1)OCCO2)S(=O)(=O)c1ccc2nnc(C)n2c1,MOLPORT:010-916-302,x1594_0A,x1919_0A,0.6093166947055939,6
504,CS(=O)(=O)NCC(=O)N1CCC[C@@H](CNC(=O)c2cncs2)C1,"ENAMINE:PV-004079207122,ENAMINE:PV-004079207124",x1071_0A,x1498_0A,0.6089772011554838,3
505,COCC1(CS(=O)(=O)NCC(=O)C2CCCCC2)CCC1,ENAMINE:Z3621458356,x1071_0A,x1083_0A,0.6087381534446745,5
506,O=C(Cc1ccc2c(c1)OCCCO2)NCCc1nnc2ccccn12,MOLPORT:027-714-254,x1594_0A,x1919_0A,0.6079810227324169,2
507,CS(=O)(=O)NCC(=O)N1CCCC[C@@H]1CNC(=O)C1CCC1,ENAMINE:PV-002842607097,x1071_0A,x1083_0A,0.6075467942827283,5
508,c1cn2cnnc2c(N[C@H](c2ccc3c(c2)OCCO3)C2CC2)n1,ENAMINE:Z1576646240,x0147_0A,x1140_0A,0.6074542441207059,3
509,C[C@@H]1CC(CS(=O)(=O)NCC(=O)C2CCC2)=NO1,ENAMINE:Z4276585788,x1071_0A,x1083_0A,0.6074269789570832,3
510,CCN(CC)S(=O)(=O)c1ccc2nnc(S[C@@H](C)C(=O)Nc3ccc4c(c3)OCCO4)n2c1,MOLPORT:009-425-679,x1594_0A,x2021_0A,0.6068634652892362,5
511,CS(=O)(=O)NCC(=O)N1C[C@H]2C[C@]1(CNC(=O)c1cocn1)C2,ENAMINE:PV-003841801164,x1071_0A,x1498_0A,0.606833502882973,5
512,O=C(Nc1ccc2c(c1)OCCO2)N1CCC[C@@H](c2nnc3ccccn23)C1,MOLPORT:027-673-111,x1594_0A,x2021_0A,0.6065253015313111,4
513,CCc1cc(CS(=O)(=O)NCC(=O)C2CCCC2)on1,ENAMINE:Z4109079104,x1071_0A,x1083_0A,0.6052800129690338,3
514,CS(=O)(=O)NCC(=O)N1C[C@@H]2CN(C(=O)c3cocn3)C[C@@H]2C1,ENAMINE:PV-002781972931,x1071_0A,x1498_0A,0.6051947949808898,4
515,CC1CCN(C(=O)NCCn2nnc3ccccc32)CC1,ENAMINE:Z3634263614,x1083_0A,x1594_0A,0.605060885251126,4
516,O=C(Nc1ccc2c(c1)OCCO2)C1CCN(c2nnc3ccccn23)CC1,MOLPORT:010-964-095,x1594_0A,x2021_0A,0.6048726873517206,4
517,FC(F)(F)c1ccc2nnc(SCc3ccc4c(c3)OCCO4)n2c1,MOLPORT:009-350-717,x1594_0A,x2021_0A,0.6037999566807806,4
518,CS(=O)(=O)NCC(=O)N1CC[C@H](NC(=O)Cc2cncs2)C1,ENAMINE:PV-002770299932,x1071_0A,x1498_0A,0.6035337057796717,4
519,CS(=O)(=O)NCC(=O)N1[C@@H]2CC[C@H]1CN(C(=O)c1cncs1)C2,ENAMINE:PV-003168781471,x1071_0A,x1498_0A,0.602709456501704,7
520,O=C(CCF)NC[C@@H]1CCN1C(=O)c1cccn2cnnc12,ENAMINE:PV-002945413544,x1594_0A,x1919_0A,0.6021280157029352,4
521,COCCC(=O)NC[C@H]1CCCN(C(=O)c2ccc3nncn3c2)C1,ENAMINE:PV-001394299785,x1594_0A,x1919_0A,0.6020125320909334,5
522,CS(=O)(=O)NCC(=O)N1[C@@H]2CC[C@H]1CN(C(=O)c1ccon1)C2,ENAMINE:PV-002764506475,x1071_0A,x1498_0A,0.6015845369419327,7
523,CS(=O)(=O)NCC(=O)N1CC[C@H](NC(=O)CCc2cnco2)C1,ENAMINE:PV-003724385306,x1071_0A,x1498_0A,0.6014262297777939,4
524,COCCC(=O)NCc1nnc2c(Cl)cc(C(F)(F)F)cn12,ENAMINE:Z1047752772,x1594_0A,x1919_0A,0.6014138292503164,4
525,CS(=O)(=O)NCC(=O)N1CCC[C@@H]1CNC(=O)[C@@H]1CCCCS1,ENAMINE:PV-003912320410,x1071_0A,x1083_0A,0.6007507823038577,3
526,O=C(CCF)NC[C@H]1C[C@H]1NC(=O)c1cccn2cnnc12,ENAMINE:PV-003608828092,x1594_0A,x1919_0A,0.6003492606169252,5
527,CC1CCN(CCNC(=O)Cn2nnc3ccccc32)CC1,MOLPORT:009-550-417,x1083_0A,x1594_0A,0.5995737821887648,3
528,CN(C)S(=O)(=O)c1ccc2nnc(SCC(=O)Nc3ccc4c(c3)OCCO4)n2c1,MOLPORT:028-936-542,x1594_0A,x2021_0A,0.5990997597837048,6
529,CS(=O)(=O)N(CC(=O)N1CCCC1)c1ccc2c(c1)OCCO2,MOLPORT:002-091-971,x1071_0A,x1083_0A,0.5988146354681798,4
530,CS(=O)(=O)NCC(=O)N1CCC(NC(=O)c2cccnc2)CC1,ENAMINE:PV-003519331966,x1071_0A,x1498_0A,0.5984509341586014,7
531,NS(=O)(=O)Cc1ccccc1NC(=O)c1cn2cnnc2cn1,ENAMINE:PV-002802995768,x0147_0A,x1140_0A,0.5975964515942932,3
532,COC[C@H](C)C(=O)NC[C@@H]1CCCN1C(=O)c1ccc2nncn2c1,ENAMINE:PV-001548875991,x1594_0A,x1919_0A,0.5973786838753635,3
533,Cc1nnc2c(Nc3ccc4c(c3)OCCO4)nccn12,ENAMINE:PV-002357507156,x0147_0A,x2021_0A,0.5970750248183451,5
534,CS(=O)(=O)NCC(=O)N1CC[C@@H](CNC(=O)[C@@H](O)C2CCCC2)C1,"ENAMINE:PV-003938162891,ENAMINE:PV-003938162892",x1071_0A,x1083_0A,0.596741488799008,5
535,CS(=O)(=O)NCC(=O)N1CC[C@@H](CNC(=O)C2=CCCS2)C1,ENAMINE:PV-003137190980,x1071_0A,x1083_0A,0.5957988298204541,6
536,NCc1cccc(CCC(=O)NC2CC2)c1,ENAMINE:Z3789219824,x1020_0A,x0130_0A,0.5952095195661378,2
537,COC(=O)CS(=O)(=O)N[C@@H](C)c1nnc2ccccn12,ENAMINE:Z1396807180,x1594_0A,x1919_0A,0.594215789612309,5
538,CC(=O)N[C@H](Cc1ccc2c(c1)OCO2)C(=O)O[C@H](C)CC#N,ENAMINE:Z1197251717,x1140_0A,x1071_0A,0.5933433642851694,4
539,NCc1ccccc1CCC(=O)NC1CC1,ENAMINE:Z3380208319,x1020_0A,x0130_0A,0.5932291433846246,3
540,O=C(NCCc1ccc2c(c1)OCO2)c1cc(-c2cccnc2)on1,MOLPORT:009-066-744,x1140_0A,x1498_0A,0.5929167178370147,3
541,CS(=O)(=O)NCC(=O)N1CC[C@H](NC(=O)c2ccsn2)C1,"ENAMINE:PV-002738679221,ENAMINE:PV-002738679222",x1071_0A,x1498_0A,0.5919173208460137,4
542,COc1nccn2c(CNC(=O)OC(C)(C)C)nnc12,MOLPORT:042-611-992,x0147_0A,x1140_0A,0.5912478497945087,2
543,NS(=O)(=O)c1ccc(CNC(=O)c2ccc3nncn3c2)cc1,ENAMINE:Z981785910,x1594_0A,x1140_0A,0.5901092534012227,3
544,c1cn2cnnc2c(NCCc2ccc3c(c2)OCCO3)n1,ENAMINE:Z1281715982,x0147_0A,x1919_0A,0.5900498012265774,4
545,O=C(Nc1nnc2ccccn12)[C@@H]1CC(=O)N(c2ccc3c(c2)OCCO3)C1,MOLPORT:009-287-450,x1594_0A,x2021_0A,0.5898724095864909,5
546,CS(=O)(=O)NC[C@H]1CCN(c2cncc3nncn23)C1,ENAMINE:Z2792856926,x0147_0A,x1140_0A,0.5898399463474542,4
547,O=S(=O)(c1ccc2c(c1)OCCO2)N1CCC(c2nnc3ccccn23)CC1,MOLPORT:003-271-295,x1594_0A,x2021_0A,0.589820375057923,6
548,O=C(Cn1nnc2ccccc21)Nc1cc(Cl)c2c(c1)OCO2,ENAMINE:PV-002534418857,x1140_0A,x1594_0A,0.5897027835046548,5
549,O=C(CSc1nnc2ccccn12)c1ccc2c(c1)OCCO2,MOLPORT:000-633-231,x1594_0A,x1919_0A,0.5896370739590343,5
550,C[C@@H](NC(=O)CS(=O)(=O)c1nnc2ccc(C(F)(F)F)cn12)c1ccc2c(c1)OCCO2,MOLPORT:009-337-564,x1594_0A,x2021_0A,0.589018170136886,5
551,O=C(Nc1cnc2c(c1)OCO2)c1nnc2ccc(Br)cn12,ENAMINE:PV-004109013308,x1594_0A,x1919_0A,0.5883173960818773,4
552,O=C(CSc1ccc2c(c1)OCCO2)N1CCC[C@@H](c2nnc3ccccn23)C1,MOLPORT:009-486-455,x1594_0A,x2021_0A,0.5868894427435599,6
553,c1cn2cnnc2c(NCCc2ccc3c(c2)OCCO3)n1,ENAMINE:Z1281715982,x0147_0A,x2021_0A,0.5866141129848835,4
554,CS(=O)(=O)NCC(=O)N1C[C@H](NC(=O)c2cocn2)CC12CCC2,ENAMINE:PV-003156786670,x1071_0A,x1498_0A,0.5865986326300039,4
555,COc1cc(CS(=O)(=O)NCC(=O)N2CCCC2)sn1,ENAMINE:Z2850017919,x1071_0A,x1083_0A,0.5864235002156161,6
556,COC(=O)c1sccc1CS(=O)(=O)NCC(=O)N1CCCC1,ENAMINE:Z3403090211,x1071_0A,x1083_0A,0.5863929691688066,6
557,N#Cc1cc(CS(=O)(=O)NCC(=O)C2CCCCC2)cs1,ENAMINE:Z3621458398,x1071_0A,x1083_0A,0.58618512521307,5
558,CCN(CC)CCn1cc(NC(=O)CC[C@@H]2CCCCN2)cn1,ENAMINE:Z963589692,x1020_0A,x0130_0A,0.5859928219460206,3
559,O=C(C1CCSCC1)N1CCC(c2nnc3ccccn23)CC1,ENAMINE:Z1188667548,x1594_0A,x1083_0A,0.5857118828005302,5
560,O=C(CNS(=O)(=O)Cc1ccsc1Br)C1CCC1,ENAMINE:Z3619119675,x1071_0A,x1083_0A,0.5854966532652346,5
561,O=C(CNS(=O)(=O)C[C@@H]1CCCC2(CCC2)O1)C1CCC1,ENAMINE:Z3619120112,x1071_0A,x1083_0A,0.5854410866119368,5
562,CCOC(=O)N1CCC[C@@H]([C@@H](C)NC(=O)c2cnnc3ccccc23)C1,ENAMINE:Z2710110561,x1083_0A,x1594_0A,0.5846182115653159,3
563,c1ccc(C[C@H](Nc2cncc3nncn23)c2ccccn2)nc1,ENAMINE:PV-002728733604,x0147_0A,x1052_1A,0.5843958630557888,2
564,O=C(CSc1nnc2ccccn12)c1ccc2c(c1)OCCO2,MOLPORT:000-633-231,x1594_0A,x2021_0A,0.5839099579568027,6
565,c1cc(-c2nn3c(-c4ccc5c(c4)OCO5)nnc3s2)ccn1,MOLPORT:005-922-096,x1140_0A,x1498_0A,0.583522710717873,4
566,O=C(CC1CCCC1)NC1CCN(c2nccn3cnnc23)CC1,ENAMINE:Z1576825976,x0147_0A,x1083_0A,0.5809100491359815,1
567,O=C(Nc1cnc2c(c1)OCO2)c1nnc2ccc(Br)cn12,ENAMINE:PV-004109013308,x1594_0A,x2021_0A,0.5806399723721981,6
568,CC[C@H](C)[C@H](NC(=O)OC)C(=O)N(C)c1ccc2c(c1)OCO2,ENAMINE:Z2272005162,x1140_0A,x1071_0A,0.578906837254148,5
569,COC1(CS(=O)(=O)NCC(=O)N2CCCC2)CCCCC1,ENAMINE:Z2503929342,x1071_0A,x1083_0A,0.5788862373199245,4
570,O=C(Nc1cnc2c(c1)OCO2)c1nnc2c(F)cccn12,ENAMINE:PV-002960996640,x1594_0A,x1919_0A,0.578394988957547,3
571,Cc1ccc2nnc(C(=O)Nc3ccc4c(n3)OCCO4)n2c1,ENAMINE:PV-003541665659,x1594_0A,x1919_0A,0.5781263451689165,4
572,c1cn2cnnc2c(NC(C2CCC2)C2CCC2)n1,MOLPORT:039-267-975,x0147_0A,x1071_0A,0.5781101758004473,4
573,O=C(Nc1cnc2c(c1)OCO2)c1nnc2c(F)cccn12,ENAMINE:PV-002960996640,x1594_0A,x2021_0A,0.5773466814545514,4
574,Cc1ccc2nnc(C(=O)Nc3ccc4c(n3)OCCO4)n2c1,ENAMINE:PV-003541665659,x1594_0A,x2021_0A,0.5769617144160442,3
575,COC(=O)[C@H](C)NC(=O)CCc1ccc2c(c1)OCO2,ENAMINE:Z1422386759,x1140_0A,x1071_0A,0.5767498455893418,3
576,CS(=O)(=O)NCC(=O)N1C[C@@H]2[C@H](C1)[C@H]2NC(=O)c1cocn1,ENAMINE:PV-003016029466,x1071_0A,x1498_0A,0.5763553181136704,4
577,C[C@H](C(=O)NC1(CN)CC1)C1CC1,CHEMSPACE-BB:CSMB00013527663,x1020_0A,x0130_0A,0.575991985252145,2
578,C[C@H](C(N)=O)N1CC[C@](F)(CN)C1,CHEMSPACE-BB:CSMB00110778493,x1020_0A,x0130_0A,0.5751872976558179,3
579,NS(=O)(=O)C[C@H]1CCCN1C(=O)c1cn2cnnc2cn1,ENAMINE:PV-002822199224,x0147_0A,x1140_0A,0.575155326491535,3
580,NC[C@@]1(F)CCN(CCC(N)=O)C1,CHEMSPACE-BB:CSMB00110778494,x1020_0A,x0130_0A,0.5749760507245445,3
581,O=C(CNS(=O)(=O)CC1CCCCC1)C1CCCC1,ENAMINE:Z2705049340,x1071_0A,x1083_0A,0.5749664055282006,3
582,O=C(CCC(=O)c1ccc2c(c1)OCCO2)NCc1nnc2ccccn12,MOLPORT:009-221-004,x1594_0A,x1919_0A,0.5746586056998776,3
583,O=C(Cc1ccc2c(c1)OCCO2)NCc1nnc2ccccn12,MOLPORT:005-578-516,x1594_0A,x1919_0A,0.5746192626516425,3
584,CC(=O)c1cccc(N(CC(=O)N2CCCCCC2)S(C)(=O)=O)c1,MOLPORT:002-282-957,x1071_0A,x1083_0A,0.5744263289023441,3
585,O=C(CCC(=O)c1ccc2c(c1)OCCO2)NCc1nnc2ccccn12,MOLPORT:009-221-004,x1594_0A,x2021_0A,0.5744098900311053,5
586,O=C(Nc1ccc2nncn2c1)c1ccc2c(c1)OCCO2,ENAMINE:Z1578614140,x1594_0A,x1919_0A,0.5742391082786193,5
587,COC(=O)CN(c1ccc2c(c1)OCCO2)S(=O)(=O)c1ccc2nncn2c1,MOLPORT:009-717-271,x1594_0A,x1919_0A,0.5742183570717215,4
588,c1cn2cnnc2c(N[C@H](c2ccc3c(c2)OCCO3)C2CC2)n1,ENAMINE:Z1576646240,x0147_0A,x1919_0A,0.5739647091738603,3
589,CS(=O)(=O)NCC(=O)N1[C@@H]2CC[C@H]1CN(C(=O)CC1CCC1)C2,"ENAMINE:PV-002816475958,ENAMINE:PV-003321899320",x1071_0A,x1083_0A,0.5737204246007901,5
590,COc1ccc(N(CC(=O)N2CCCCCC2)S(C)(=O)=O)cc1,MOLPORT:006-782-382,x1071_0A,x1083_0A,0.573339750337271,5
591,C=CCOC[C@H](NC(=O)C=Cc1ccc2c(c1)OCO2)C(=O)OC,ENAMINE:Z4504764503,x1140_0A,x1071_0A,0.5732040104519236,5
592,CC(C)[C@H](NC(=O)CC1CCCC1)c1nnc2ccccn12,ENAMINE:Z1014196092,x1594_0A,x1083_0A,0.5727135396544759,3
593,CCCN(C(=O)Cc1ccc2c(c1)OCO2)[C@@H](C)C(=O)OC,ENAMINE:Z2964752175,x1140_0A,x1071_0A,0.5725149292763327,4
594,CC(C)NC[C@H]1CC[C@@H](NC(=O)CCc2ccccc2)CC1,ENAMINE:PV-000946126493,x1020_0A,x0130_0A,0.572135620893802,3
595,O=S(=O)(c1ccc2nncn2c1)N(Cc1ccccc1)c1ccc2c(c1)OCCO2,MOLPORT:009-717-272,x1594_0A,x1919_0A,0.5719825313821195,4
596,O=C(CSc1nnc2ccccn12)N(CC=Cc1ccccc1)c1ccc2c(c1)OCCO2,MOLPORT:044-291-155,x1594_0A,x1919_0A,0.5716927416851509,4
597,C[C@@H](OC(=O)CCC(F)(F)F)C(=O)NCc1ccccn1,ENAMINE:PV-002758008436,x1498_0A,x2021_0A,0.5715762778458073,3
598,Cc1nnc2ccc(C(=O)NC[C@@H](C)Cn3cccn3)cn12,ENAMINE:Z979395704,x1594_0A,x1052_1A,0.5713420403155515,4
599,O=C(NCc1nnc2ccccn12)[C@@H](Cc1ccccc1)NS(=O)(=O)c1ccc2c(c1)OCCO2,MOLPORT:005-817-195,x1594_0A,x1919_0A,0.5698617055744926,4
600,CS(=O)(=O)NCC(=O)N1CC2(CC[C@@H]2NC(=O)c2ccon2)C1,ENAMINE:PV-003744924661,x1071_0A,x1498_0A,0.5696351564791994,5
601,O=C(Cc1ccc2c(c1)OCCO2)NCc1nnc2ccccn12,MOLPORT:005-578-516,x1594_0A,x2021_0A,0.5694477114780191,4
602,C[C@H](CNC(=O)c1cnco1)CNC(=O)c1cccc2c1OCO2,ENAMINE:PV-002753146958,x1140_0A,x1498_0A,0.5692212269928758,3
603,C=C[C@H](NC(=O)Cc1ccc2c(c1)OCO2)C(=O)OC,ENAMINE:Z4112401232,x1140_0A,x1071_0A,0.5679081140001669,4
604,Cc1nnc2ccc(S(=O)(=O)N(CC#N)c3ccc4c(c3)OCCO4)cn12,MOLPORT:010-916-304,x1594_0A,x1919_0A,0.5678915686666086,4
605,CC(C)[C@@H](NC(=O)CCC1CCCCC1)c1nnc2ccccn12,ENAMINE:Z1014195650,x1594_0A,x1083_0A,0.567698231852709,1
606,CS(=O)(=O)NCC(=O)N1C[C@@H](NC(=O)c2ccsn2)C2(CC2)C1,ENAMINE:PV-003882893973,x1071_0A,x1498_0A,0.567466248066213,4
607,CS(=O)(=O)NCC(=O)N1CCC[C@@H]1CCNC(=O)c1cnco1,ENAMINE:PV-003519586284,x1071_0A,x1498_0A,0.5672002478245143,6
608,O=C(Nc1ccc2nncn2c1)c1ccc2c(c1)OCCO2,ENAMINE:Z1578614140,x1594_0A,x2021_0A,0.5670233334240056,5
609,c1cn2cnnc2c(NCc2ccn(C3CCCC3)n2)n1,MOLPORT:039-581-426,x0147_0A,x1071_0A,0.5665231877324414,3
610,COc1cccc(N(CC(=O)N2CCCCCC2)S(C)(=O)=O)c1,MOLPORT:001-984-041,x1071_0A,x1083_0A,0.5659709308970488,5
611,CCN(CC)S(=O)(=O)c1ccc2nnc(SCCC(=O)Nc3ccc4c(c3)OCCO4)n2c1,MOLPORT:009-444-394,x1594_0A,x1919_0A,0.5659583736718895,6
612,COC(C)(C)CCS(=O)(=O)NC(=O)CC[C@@H]1CCCNC1,ENAMINE:Z3506127616,x1083_0A,x2021_0A,0.5658632014399364,5
613,COc1cccc(CS(=O)(=O)NCC(=O)N2CCCC2)c1,ENAMINE:Z1225640268,x1071_0A,x1083_0A,0.5657131212380369,5
614,CCCN1CCCC[C@@H]1CNC(=O)c1cnnc2ccccc12,ENAMINE:Z3603078936,x1083_0A,x1594_0A,0.5656292153135023,2
615,C[C@H](NC(=O)c1ccc2nncn2c1)[C@@H](C)NC(=O)C1CCC1,ENAMINE:PV-001047522622,x1594_0A,x1083_0A,0.5652243643311189,3
616,c1cn2cnnc2c(N[C@@H]2C[C@@H]3C[C@@H]3C2)n1,CHEMSPACE-BB:CSMB00018744687,x0147_0A,x1071_0A,0.5646005798935566,2
617,CCC[C@@H](NS(=O)(=O)CCCCCl)c1nnc2ccccn12,ENAMINE:Z1765924354,x1594_0A,x1140_0A,0.5643335890284144,2
618,c1cn2cnnc2c(N2CCc3c(ncn3C3CCCCC3)C2)n1,ENAMINE:Z4391109825,x0147_0A,x1083_0A,0.564078018445082,3
619,COC(=O)CN(c1ccc2c(c1)OCCO2)S(=O)(=O)c1ccc2nncn2c1,MOLPORT:009-717-271,x1594_0A,x2021_0A,0.564033653537349,5
620,O=S(=O)(c1ccc2nncn2c1)N(Cc1ccccc1)c1ccc2c(c1)OCCO2,MOLPORT:009-717-272,x1594_0A,x2021_0A,0.5632190884870524,4
621,O=C(CNS(=O)(=O)CC1(CF)CC1)N1CCCC1,ENAMINE:Z4260546796,x1071_0A,x1083_0A,0.5631100978568884,3
622,C[C@H](NC(=O)c1cn2cnnc2cn1)c1cn(C2CCC2)nn1,ENAMINE:PV-003141007461,x0147_0A,x1083_0A,0.5628717747360024,2
623,O=C(NCc1nnc2ccccn12)[C@@H](Cc1ccccc1)NS(=O)(=O)c1ccc2c(c1)OCCO2,MOLPORT:005-817-195,x1594_0A,x2021_0A,0.5622930192219302,6
624,NCc1ocnc1CS(=O)(=O)NCC(=O)N1CCCC1,ENAMINE:PV-002859535366,x1071_0A,x1083_0A,0.5620081682958302,3
625,Cc1nnc2ccc(S(=O)(=O)N(CC#N)c3ccc4c(c3)OCCO4)cn12,MOLPORT:010-916-304,x1594_0A,x2021_0A,0.561809912542268,2
626,CCOc1ccc(C(=O)N(C)CCNC(=O)CC2CCCC2)cn1,ENAMINE:PV-001433055726,x1498_0A,x1083_0A,0.5615902875227278,3
627,Cc1ccc2nnc(CNS(=O)(=O)CCCCC(C)(F)F)n2c1,ENAMINE:Z4887125226,x1594_0A,x1140_0A,0.5614521844543945,3
628,Cc1cc2c(cc1NC(=O)N(CCN(C)C)Cc1cccnc1)OCO2,ENAMINE:Z1637916902,x1140_0A,x1498_0A,0.5613588808846259,3
629,CS(=O)(=O)CCC(=O)NC[C@@H]1CCCN(Cc2nc(=O)[nH][nH]2)C1,ENAMINE:PV-000776164830,x1083_0A,x2021_0A,0.5613020862089328,4
630,CC(=O)c1cc2c(cc1NC(=O)Cc1cccnc1)OCO2,ENAMINE:Z1171324142,x1140_0A,x1498_0A,0.5612543186504285,5
631,C[C@@H]1CO[C@@H](CS(=O)(=O)NCC(=O)N2CCCC2)C1,ENAMINE:Z4260547704,x1071_0A,x1083_0A,0.5612208622432363,3
632,O=C(CC1CCCC1)N1CCC(c2nnc3ccccn23)CC1,ENAMINE:Z95869775,x1594_0A,x1083_0A,0.5609168892353401,2
633,C[C@@H]1CO[C@@H](CS(=O)(=O)NCC(=O)C2CCC2)C1,ENAMINE:Z4276585661,x1071_0A,x1083_0A,0.5608472411283612,6
634,O=C(N[C@H](CO)[C@H]1CC=CCC1)c1ccc2nnc(C3CC3)n2c1,ENAMINE:Z4047590131,x1594_0A,x1071_0A,0.5603080303625619,2
635,C[C@@H](CCCc1cccnc1)NC(=O)NCc1ccc2c(c1)OCO2,ENAMINE:Z2301784627,x1140_0A,x1498_0A,0.5601464115063238,4
636,COC(=O)[C@@H](NC(=O)C=Cc1ccc2c(c1)OCO2)C(C)(C)F,ENAMINE:Z4506256407,x1140_0A,x1071_0A,0.5598474477075155,5
637,CCN(CC)S(=O)(=O)c1ccc2nnc(SCCC(=O)Nc3ccc4c(c3)OCCO4)n2c1,MOLPORT:009-444-394,x1594_0A,x2021_0A,0.5594358088888549,6
638,c1cn2cnnc2c(NCc2cn(C3CCC3)nn2)n1,ENAMINE:Z2851722884,x0147_0A,x1083_0A,0.5591732536726831,1
639,O=C(CN1CCCC1)NCCCc1nnc2ccccn12,MOLPORT:044-686-337,x1594_0A,x1083_0A,0.5589683249369274,3
640,O=C(NCC1CCC1)Nc1ccc2nnc(C3CC3)n2c1,ENAMINE:Z2018743726,x1594_0A,x1083_0A,0.5588445235951219,3
641,C[C@@H](Cn1nnc2ccccc21)C(=O)N1CCCC[C@H]1CO,ENAMINE:Z3835725387,x1083_0A,x1594_0A,0.5588108710233621,5
642,CN1CCO[C@H](CS(=O)(=O)NCC(=O)C2CCCC2)C1,ENAMINE:Z2775156933,x1071_0A,x1083_0A,0.5581019606418529,4
643,O=C(CSc1nnc2ccccn12)N(Cc1cccs1)c1ccc2c(c1)OCCO2,MOLPORT:004-180-080,x1594_0A,x2021_0A,0.5579016042940877,5
644,CN(C[C@@H]1CCCN1C(=O)CNS(C)(=O)=O)C(=O)c1cnco1,ENAMINE:PV-002781037523,x1071_0A,x1498_0A,0.5573808241364647,4
645,O=C(CSc1nnc2ccccn12)N(Cc1cccs1)c1ccc2c(c1)OCCO2,MOLPORT:004-180-080,x1594_0A,x1919_0A,0.5573625748782854,2
646,NC[C@@H]1CC[C@H](NC(=O)CCc2ccccc2)C1,ENAMINE:Z2266380097,x1020_0A,x0130_0A,0.557140721894751,3
647,C[C@H]1C[C@H]1CS(=O)(=O)NCC(=O)C1CCCC1,ENAMINE:Z4274505675,x1071_0A,x1083_0A,0.5570947168559384,4
648,C[C@@](O)(c1cccnc1)c1cc(-c2ccc3c(c2)OCO3)no1,MOLPORT:002-745-798,x1140_0A,x1498_0A,0.5564008021090799,2
649,NCc1ccccc1CCC(=O)NC1CC2(CCCCC2)C1,ENAMINE:Z3383177381,x1020_0A,x0130_0A,0.5563624451950631,1
650,Cc1nnc2ccc(S(=O)(=O)Nc3ccc4c(c3)OCCO4)cn12,MOLPORT:010-916-301,x1594_0A,x1919_0A,0.556301312965951,3
651,O=C(NOC1CCCC1)N1CCC(c2nnc3cnccn23)CC1,ENAMINE:Z4476131532,x0147_0A,x1083_0A,0.5562192117972058,2
652,Cc1nnc2ccc(S(=O)(=O)Nc3ccc4c(c3)OCCO4)cn12,MOLPORT:010-916-301,x1594_0A,x2021_0A,0.5560674739813567,4
653,O=C(c1cn2cnnc2cn1)N(Cc1ccccn1)C1CC1,ENAMINE:Z3466809453,x0147_0A,x1052_1A,0.5556816967735465,3
654,NC(=NN=C(N)c1ccncc1)c1ccncc1,MOLPORT:035-716-913,x1498_0A,x1052_1A,0.5556444905282618,3
655,CS(=O)(=O)NCC(=O)N1C[C@@H](NC(=O)c2cocn2)C2(CC2)C1,ENAMINE:PV-003142564245,x1071_0A,x1498_0A,0.5552225163472143,3
656,Cc1nnc2c(NC(=O)c3cc4c(cn3)OCCO4)cccn12,ENAMINE:PV-003892725209,x1594_0A,x2021_0A,0.5552092755708128,4
657,CS(=O)(=O)NCC(=O)N1[C@H]2CC[C@]1(CNC(=O)C1CCC1)CC2,ENAMINE:PV-003853063504,x1071_0A,x1083_0A,0.5552027105585733,3
658,C[C@@H](N)CN1CCC(NC(=O)CCc2ccccc2)CC1,"ENAMINE:Z2447260166,ENAMINE:Z4592007243,ENAMINE:Z4592007254",x1020_0A,x0130_0A,0.5550614113599627,2
659,CS(=O)(=O)NCC(=O)N1CC2(CCCN(C(=O)C3CCCC3)C2)C1,ENAMINE:PV-002737802523,x1071_0A,x1083_0A,0.5547114041068529,4
660,Cc1nnc2c(NC(=O)Nc3ccc4c(c3)OCCO4)cccn12,MOLPORT:010-924-617,x1594_0A,x2021_0A,0.5543826741450171,6
661,CC(=O)OCC(=O)NC[C@@H]1C[C@@H]1NC(=O)c1cccn2cnnc12,ENAMINE:PV-003146793380,x1594_0A,x2021_0A,0.5541879648307944,6
662,CNS(=O)(=O)c1ccc(C(=O)Nc2ccc3nncn3c2)cc1,ENAMINE:Z1578615101,x1594_0A,x1140_0A,0.5540841805349903,4
663,C[C@H](F)CC(=O)NC[C@H]1C[C@@H](NC(=O)c2cn3cnnc3cn2)C1,"ENAMINE:PV-003049384562,ENAMINE:PV-003049384566",x0147_0A,x1919_0A,0.5540382962237235,3
664,O=C(Nc1ccn2cnnc2c1)c1ccc2c(n1)OCCO2,ENAMINE:PV-002719338530,x1594_0A,x2021_0A,0.5539243523079037,4
665,O=C(CCCc1nnc2ccccn12)Nc1ccc2c(c1)OCCO2,MOLPORT:019-952-525,x1594_0A,x2021_0A,0.5539003103495933,4
666,CSCC[C@H](NC(=O)Cc1ccc2c(c1)OCCO2)c1nnc2ccccn12,MOLPORT:002-663-662,x1594_0A,x2021_0A,0.5533937397080926,4
667,C[C@@H](Sc1nnc2ccccn12)C(=O)Nc1ccc2c(c1)OCCO2,MOLPORT:004-083-501,x1594_0A,x2021_0A,0.5531401057856044,4
668,O=C(NCCc1ccc2c(c1)OCO2)c1cncc2c1CCC2,ENAMINE:Z4416738341,x1140_0A,x1498_0A,0.5528228696153111,6
669,Cc1nnc2c(NC(=O)c3cc4c(cn3)OCCO4)cccn12,ENAMINE:PV-003892725209,x1594_0A,x1919_0A,0.552597587229497,4
670,C[C@H](NC(=O)CCC1CCC1)C1CN(C(=O)CNS(C)(=O)=O)C1,ENAMINE:PV-002892130454,x1071_0A,x1083_0A,0.552578413373823,4
671,CS(=O)(=O)CCC(=O)NC[C@H]1CCCN(C(=O)C2=CCCC2)C1,ENAMINE:PV-001395332363,x1083_0A,x2021_0A,0.5525108256586072,1
672,CC(C)CNC[C@H]1C[C@@H](NC(=O)CCc2ccccc2)C1,"ENAMINE:PV-000980299266,ENAMINE:PV-001003034695",x1020_0A,x0130_0A,0.5516244055317989,2
673,C[C@H](OC(=O)c1cccnc1)C(=O)NCc1ccc2c(c1)OCO2,MOLPORT:004-029-103,x1140_0A,x1498_0A,0.5513731509824112,2
674,CC(C)(CNC(=O)c1ccc2nnc(C3CC3)n2c1)N1CCCC1,ENAMINE:Z4136638920,x1594_0A,x1083_0A,0.5512026477378612,3
675,CS(=O)(=O)NCC(=O)N1CCCN(C(=O)[C@@H]2CCC3(CC3)C2)CC1,ENAMINE:PV-003183563269,x1071_0A,x1083_0A,0.5511525302566376,3
676,O=C(CNS(=O)(=O)CC1(C(F)F)CCCC1)N1CCCC1,ENAMINE:Z2701884915,x1071_0A,x1083_0A,0.5506087243869953,8
677,O=C(Nc1ccc2nnc(C3CC3)n2c1)N1CCCSCC1,ENAMINE:Z2018762796,x1594_0A,x1071_0A,0.5505658857640054,4
678,O=C(NCC#CCOc1ccc2c(c1)OCO2)c1ccncc1,MOLPORT:028-612-547,x1140_0A,x1498_0A,0.5505066072616682,4
679,CC(C)[C@H](NC(=O)CSc1nnc2ccccn12)c1ccc2c(c1)OCCCO2,MOLPORT:004-212-652,x1594_0A,x2021_0A,0.5504332527780388,4
680,NCc1ccccc1CCC(=O)Nc1cccc2cnccc12,ENAMINE:PV-003432587728,x1020_0A,x0130_0A,0.5502540787320424,2
681,Cc1nnc2ccc(C(=O)NCC(C)(C)n3cccn3)cn12,ENAMINE:Z2883258055,x1594_0A,x1052_1A,0.5502251200766636,2
682,COC(=O)NCC(=O)N1C[C@@H]2[C@H](C1)[C@H]2NC(=O)c1ccns1,ENAMINE:PV-001403054931,x1071_0A,x1498_0A,0.6844425513641538,7
683,CCS(=O)(=O)N[C@@H](C)C(=O)N1CC[C@@H](NC(=O)c2ccsn2)C1,ENAMINE:PV-001416788709,x1071_0A,x1498_0A,0.661769811012087,7
684,COC(=O)N(C)CC(=O)N1CC([C@@H](C)NC(=O)c2ccns2)C1,ENAMINE:PV-002753462047,x1071_0A,x1498_0A,0.6524706056352418,4
685,COC(=O)NCC(=O)N1CC(C[C@@H](C)NC(=O)c2ccon2)C1,ENAMINE:PV-002830358234,x1071_0A,x1498_0A,0.6523293055541034,7
686,COC(=O)N[C@@H](C)C(=O)N1CCC[C@@H](NC(=O)c2cnsc2)C1,"ENAMINE:PV-002951300703,ENAMINE:PV-002951300704",x1071_0A,x1498_0A,0.6318622895686538,5
687,COC(=O)N[C@H](C)C(=O)N1CCC[C@H](NC(=O)Cc2cscn2)C1,ENAMINE:PV-002771954921,x1071_0A,x1498_0A,0.6286012234537213,5
688,O=C(Cn1nnc2ccccc21)Nc1ccc2c(c1)OCCO2,MOLPORT:003-254-469,x1140_0A,x1594_0A,0.6277854415228451,4
689,COC(=O)NCC(=O)N1CCCN(C(=O)c2cscn2)CC1,ENAMINE:PV-001330733677,x1071_0A,x1498_0A,0.6265094981130744,5
690,COC(=O)NCC(=O)N1CC[C@H](NC(=O)[C@@H](O)C2CCC2)C1,ENAMINE:PV-003336554695,x1071_0A,x1083_0A,0.6234618307598706,5
691,CCS(=O)(=O)NCC(=O)N1CCCC[C@H]1CNC(=O)C1CCC1,"ENAMINE:PV-001398016722,ENAMINE:PV-001739232767,ENAMINE:PV-001790694395",x1071_0A,x1083_0A,0.6181907242570422,3
692,C[C@H](NS(C)(=O)=O)C(=O)N1CCN(C(=O)c2cncs2)CC1,ENAMINE:PV-001293232355,x1071_0A,x1498_0A,0.6144772724136535,5
693,CCS(=O)(=O)NCC(=O)N1CCN(C(=O)c2cncs2)CC1,"ENAMINE:PV-001293960089,ENAMINE:PV-001293232465",x1071_0A,x1498_0A,0.6123918688990713,7
694,C[C@@H](NS(C)(=O)=O)C(=O)N1CCC(NC(=O)CC2CCC2)CC1,ENAMINE:PV-001335057522,x1071_0A,x1083_0A,0.6102117073179796,2
695,COC(=O)NCC(=O)N1CCC[C@H](NC(=O)C(C)(C)C2CCC2)C1,ENAMINE:PV-001763502836,x1071_0A,x1083_0A,0.6085337943422787,1
696,C[C@H](NS(C)(=O)=O)C(=O)N1CC[C@@H](CNC(=O)C2CCC2)C1,ENAMINE:PV-001421435329,x1071_0A,x1083_0A,0.6069180360513703,2
697,C[C@@H](NS(C)(=O)=O)C(=O)N1CC[C@H](NC(=O)CCCC2CCC2)C1,ENAMINE:PV-002763084098,x1071_0A,x1083_0A,0.5952850789073446,6
698,COC(=O)NCC(=O)N1[C@@H]2CC[C@H]1CN(C(=O)c1ccon1)C2,ENAMINE:PV-001481904158,x1071_0A,x1498_0A,0.5939550747788531,2
699,O=C(CC1CCCCC1)NCCn1nnc2ccccc21,ENAMINE:Z3704299785,x1594_0A,x1071_0A,0.5883791870107631,2
700,O=C(Nc1cccc(C2CCC2)c1)c1cccn2cnnc12,ENAMINE:PV-002991605304,x1083_0A,x1594_0A,0.5866857338832573,4
701,COC(=O)N(C)CC(=O)N1C[C@@H]2[C@H](C1)[C@@H]2NC(=O)c1ccns1,ENAMINE:PV-002760878903,x1071_0A,x1498_0A,0.5822281168995447,6
702,CN(C)S(=O)(=O)NCC(=O)N1CC[C@@H](NC(=O)c2ccon2)C1,"ENAMINE:PV-001369758169,ENAMINE:PV-001383239952",x1071_0A,x1498_0A,0.5769142353517429,6
703,NS(=O)(=O)c1ccc(NC(=O)c2cnnc3ccccc23)cc1,ENAMINE:PV-002332747552,x1594_0A,x1140_0A,0.5732312559554068,6
704,COC(=O)NCC(=O)N1CCC[C@H]1CNC(=O)[C@H]1CCCS1,ENAMINE:PV-002818541737,x1071_0A,x1083_0A,0.5719334346290802,5
705,COC(=O)N(C)CC(=O)N1CC([C@@H](C)NC(=O)[C@@H]2CCCS2)C1,ENAMINE:PV-002728103254,x1071_0A,x1083_0A,0.5707815463469007,4
706,COC(=O)N[C@H](C)C(=O)N1CC([C@H](C)NC(=O)CC2CCC2)C1,ENAMINE:PV-002910779069,x1071_0A,x1083_0A,0.5695504745926305,2
707,COC(=O)NCC(=O)N1CC[C@H](NC(=O)c2ccsn2)C1,ENAMINE:PV-001510307685,x1071_0A,x1498_0A,0.5679685401391273,4
708,CC(F)(F)C(=O)Nc1cc(F)cc(CN)c1,CHEMSPACE-BB:CSMB00021886250,x1020_0A,x0130_0A,0.5678215632783804,6
709,CCCCC(=O)Nc1cnn(CCN)c1,CHEMSPACE-BB:CSMB00014966404,x1020_0A,x0130_0A,0.5665471247582464,2
710,COC(=O)NCC(=O)N1CC([C@H](C)NC(=O)CCC2CCC2)C1,ENAMINE:PV-002936963147,x1071_0A,x1083_0A,0.5647474068803169,11
711,C=CCCCCC(=O)Nc1cnn(CCN)c1,ENAMINE:Z4175532569,x1020_0A,x0130_0A,0.5632716532536133,2
712,COC(=O)NCC(=O)N1CCC(CCNC(=O)C2CCC2)CC1,ENAMINE:PV-001542212566,x1071_0A,x1083_0A,0.5628691975581104,1
713,CC[C@@H](NC(=O)OC(C)(C)C)C(=O)N1CCC(NC(=O)C2CCCCC2)CC1,MOLPORT:029-923-160,x1071_0A,x1083_0A,0.5613343171095871,4
714,CC(C)[C@@H](C)C(=O)Nc1cnn(CCN)c1,ENAMINE:Z3700590637,x1020_0A,x0130_0A,0.5590987791335046,3
715,CCN[C@H](C)c1nc(-c2ccc(NC(C)=O)cc2)no1,ENAMINE:Z2722822315,x1020_0A,x0130_0A,0.5586662105187699,2
716,COC(=O)NCC(=O)N1[C@H]2CC[C@]1(CNC(=O)C1CCC1)CC2,ENAMINE:PV-003639724768,x1071_0A,x1083_0A,0.5582122464745125,2
717,CC(C)(C)OC(=O)C[C@](C)(C#N)C(=O)NCc1ccsn1,ENAMINE:Z3599345514,x1498_0A,x2021_0A,0.5539329371473178,4
718,COC(=O)NCC(=O)N1CCC[C@@H]1CNC(=O)Cc1cnsc1,ENAMINE:PV-002770714191,x1071_0A,x1498_0A,0.5537873742689589,2
719,CC(=O)Nc1ccc(-c2noc(CC[C@@H](C)N)n2)cc1,ENAMINE:Z2412805267,x1020_0A,x0130_0A,0.5525268093500585,2
720,C[C@@H](NS(C)(=O)=O)C(=O)N1CCC[C@@H](NC(=O)Cc2ccon2)C1,ENAMINE:PV-001765474005,x1071_0A,x2099_0A,0.5510612379038698,1
721,CCC(CC)CC(=O)N[C@H]1C[C@](F)(CN)C1,ENAMINE:Z3699946641,x1020_0A,x0130_0A,0.5504896081527466,2
